# ************************************************************
# Sequel Pro SQL dump
# Version 4096
#
# http://www.sequelpro.com/
# http://code.google.com/p/sequel-pro/
#
# Host: localhost (MySQL 5.6.11)
# Database: mdmdev
# Generation Time: 2013-10-09 13:44:04 +0000
# ************************************************************


/*!40101 SET @OLD_CHARACTER_SET_CLIENT=@@CHARACTER_SET_CLIENT */;
/*!40101 SET @OLD_CHARACTER_SET_RESULTS=@@CHARACTER_SET_RESULTS */;
/*!40101 SET @OLD_COLLATION_CONNECTION=@@COLLATION_CONNECTION */;
/*!40101 SET NAMES utf8 */;
/*!40014 SET @OLD_FOREIGN_KEY_CHECKS=@@FOREIGN_KEY_CHECKS, FOREIGN_KEY_CHECKS=0 */;
/*!40101 SET @OLD_SQL_MODE=@@SQL_MODE, SQL_MODE='NO_AUTO_VALUE_ON_ZERO' */;
/*!40111 SET @OLD_SQL_NOTES=@@SQL_NOTES, SQL_NOTES=0 */;


# Dump of table devices
# ------------------------------------------------------------

DROP TABLE IF EXISTS `devices`;

CREATE TABLE `devices` (
  `id` int(11) NOT NULL AUTO_INCREMENT,
  `tenant_id` int(11) DEFAULT NULL,
  `user_id` varchar(255) DEFAULT NULL,
  `platform_id` int(11) DEFAULT NULL,
  `reg_id` longtext,
  `os_version` varchar(45) DEFAULT NULL,
  `properties` text,
  `created_date` varchar(45) DEFAULT NULL,
  `status` varchar(1) DEFAULT NULL COMMENT 'enroll',
  `byod` smallint(6) DEFAULT '1',
  `deleted` int(11) DEFAULT '0',
  `vendor` varchar(11) DEFAULT NULL,
  `udid` longtext,
  PRIMARY KEY (`id`)
) ENGINE=InnoDB DEFAULT CHARSET=latin1;

LOCK TABLES `devices` WRITE;
/*!40000 ALTER TABLE `devices` DISABLE KEYS */;

INSERT INTO `devices` (`id`, `tenant_id`, `user_id`, `platform_id`, `reg_id`, `os_version`, `properties`, `created_date`, `status`, `byod`, `deleted`, `vendor`, `udid`)
VALUES
	(5,-1234,'dulitha@wso2.com',2,'{\"token\" : null, \"unlockToken\" : null, \"magicToken\" : null}','','{\"CHALLENGE\" : \"dulitha@wso2.com\", \"PRODUCT\" : \"iPhone5,1\", \"SERIAL\" : \"DNQJVU4QDTTP\", \"VERSION\" : \"11A501\", \"model\" : \"iPhone\"}','5/10/2013 @ 16:35:9','A',1,0,'Apple','896903fa71cca44856f9a8b2176c9b6e5d5e99d3');

/*!40000 ALTER TABLE `devices` ENABLE KEYS */;
UNLOCK TABLES;


# Dump of table featuregroup
# ------------------------------------------------------------

DROP TABLE IF EXISTS `featuregroup`;

CREATE TABLE `featuregroup` (
  `id` int(11) NOT NULL AUTO_INCREMENT,
  `name` varchar(45) DEFAULT NULL,
  `description` varchar(45) DEFAULT NULL,
  PRIMARY KEY (`id`)
) ENGINE=InnoDB DEFAULT CHARSET=latin1 COMMENT='MAM,MDM';

LOCK TABLES `featuregroup` WRITE;
/*!40000 ALTER TABLE `featuregroup` DISABLE KEYS */;

INSERT INTO `featuregroup` (`id`, `name`, `description`)
VALUES
	(1,'MDM','mobile device management '),
	(2,'MAM','mobile application management'),
	(3,'MMM','mobile messaging management');

/*!40000 ALTER TABLE `featuregroup` ENABLE KEYS */;
UNLOCK TABLES;


# Dump of table features
# ------------------------------------------------------------

DROP TABLE IF EXISTS `features`;

CREATE TABLE `features` (
  `id` int(11) NOT NULL AUTO_INCREMENT,
  `name` varchar(45) DEFAULT NULL,
  `code` varchar(45) DEFAULT NULL,
  `description` varchar(45) NOT NULL,
  `deleted` smallint(6) DEFAULT NULL,
  `group_id` int(11) DEFAULT NULL,
  `type_id` int(11) DEFAULT NULL,
  PRIMARY KEY (`id`),
  KEY `fkgroupid` (`group_id`),
  CONSTRAINT `fkgroupid` FOREIGN KEY (`group_id`) REFERENCES `featuregroup` (`id`) ON DELETE NO ACTION ON UPDATE NO ACTION
) ENGINE=InnoDB DEFAULT CHARSET=latin1;

LOCK TABLES `features` WRITE;
/*!40000 ALTER TABLE `features` DISABLE KEYS */;

INSERT INTO `features` (`id`, `name`, `code`, `description`, `deleted`, `group_id`, `type_id`)
VALUES
	(1,'LOCK','503A','Device Lock',0,1,1),
	(2,'WIPE','504A','Wipe',0,1,1),
	(3,'CLEARPASSWORD','505A','Clear',0,1,1),
	(4,'APPLIST','502A','Get All Applications',0,2,2),
	(5,'LOCATION','501A','Location',0,1,2),
	(6,'INFO','500A','Device Information',0,1,2),
	(7,'NOTIFICATION','506A','Message',0,3,1),
	(8,'WIFI','507A','Wifi',0,1,1),
	(9,'CAMERA','508A','Camera',0,1,1),
	(12,'MUTE','513A','Mute Device',0,1,1),
	(13,'INSTALLAPP','509A','Install Application',0,2,3),
	(14,'UNINSTALLAPP','510A','Uninstall Application',0,2,3),
	(15,'ENCRYPT','511A','Encrypt Storage',0,1,1),
	(16,'APN','512A','APN',0,1,1),
	(17,'TRACKCALLS','514A','Track Call Log',0,1,2),
	(18,'TRACKSMS','515A','Track SMS',0,1,2),
	(19,'DATAUSAGE','516A','Track Data Usage',0,1,2),
	(20,'STATUS','517A','Get Device Status',0,1,2),
	(21,'WEBCLIP','518A','Create Webclips',0,1,3),
	(22,'PASSWORDPOLICY','519A','Password Policy',0,1,1),
	(23,'EMAIL','520A','Email Configuration',0,1,1),
	(24,'GOOGLECALENDAR','521A','Sync Google Calendar',0,1,1),
	(26,'VPN','513A','VPN',0,1,1),
	(27,'LDAP','524A','LDAP',0,1,1),
	(28,'CALENDERSUBSCRIPTION','525A','Calender ',0,1,1),
	(29,'CHANGEPASSWORD','526A','Change Password',0,1,1),
	(30,'ENTERPRISEWIPE','527A','Enterprise Wipe',0,1,1);

/*!40000 ALTER TABLE `features` ENABLE KEYS */;
UNLOCK TABLES;


# Dump of table featuretype
# ------------------------------------------------------------

DROP TABLE IF EXISTS `featuretype`;

CREATE TABLE `featuretype` (
  `id` int(11) NOT NULL AUTO_INCREMENT,
  `name` varchar(45) DEFAULT NULL,
  `description` varchar(45) DEFAULT NULL,
  `deleted` tinyint(4) DEFAULT NULL,
  PRIMARY KEY (`id`)
) ENGINE=InnoDB DEFAULT CHARSET=latin1 COMMENT='Critical,Working';

LOCK TABLES `featuretype` WRITE;
/*!40000 ALTER TABLE `featuretype` DISABLE KEYS */;

INSERT INTO `featuretype` (`id`, `name`, `description`, `deleted`)
VALUES
	(1,'OPERATION','Can do groups, users, devices',0),
	(2,'INFO','Only for devices',0),
	(3,'APPLICATION','application related stuff',0);

/*!40000 ALTER TABLE `featuretype` ENABLE KEYS */;
UNLOCK TABLES;


# Dump of table group_policy_mapping
# ------------------------------------------------------------

DROP TABLE IF EXISTS `group_policy_mapping`;

CREATE TABLE `group_policy_mapping` (
  `group_id` varchar(45) NOT NULL DEFAULT '',
  `policy_id` int(11) NOT NULL DEFAULT '0',
  PRIMARY KEY (`group_id`,`policy_id`)
) ENGINE=InnoDB DEFAULT CHARSET=latin1;

LOCK TABLES `group_policy_mapping` WRITE;
/*!40000 ALTER TABLE `group_policy_mapping` DISABLE KEYS */;

INSERT INTO `group_policy_mapping` (`group_id`, `policy_id`)
VALUES
	('Sales',30),
	('sss',30);

/*!40000 ALTER TABLE `group_policy_mapping` ENABLE KEYS */;
UNLOCK TABLES;


# Dump of table notifications
# ------------------------------------------------------------

DROP TABLE IF EXISTS `notifications`;

CREATE TABLE `notifications` (
  `id` int(11) NOT NULL AUTO_INCREMENT,
  `group_id` int(11) DEFAULT NULL,
  `user_id` varchar(45) DEFAULT NULL,
  `device_id` int(11) DEFAULT NULL,
  `message` text,
  `status` varchar(1) DEFAULT NULL,
  `sent_date` varchar(45) DEFAULT NULL,
  `received_date` varchar(45) DEFAULT NULL,
  `received_data` longtext CHARACTER SET utf8,
  `feature_code` varchar(45) DEFAULT NULL,
  `feature_description` varchar(200) DEFAULT NULL,
  PRIMARY KEY (`id`)
) ENGINE=InnoDB DEFAULT CHARSET=latin1;

LOCK TABLES `notifications` WRITE;
/*!40000 ALTER TABLE `notifications` DISABLE KEYS */;

INSERT INTO `notifications` (`id`, `group_id`, `user_id`, `device_id`, `message`, `status`, `sent_date`, `received_date`, `received_data`, `feature_code`, `feature_description`)
VALUES
	(8490,-1,'admin',69,'\"hi\"','P','28/8/2013 @ 13:55:28',NULL,NULL,'500A','Device Information'),
	(8491,-1,'admin',69,'\"hi\"','P','28/8/2013 @ 13:55:28',NULL,NULL,'502A','Get All Applications'),
	(8492,1,'Admin',70,'\"hi\"','R','28/8/2013 @ 13:55:40','28/8/2013 @ 13:55:48','{\"battery\":{\"level\":\"64\"},\"internal_memory\":{\"total\":13.46,\"available\":0.76},\"operator\":null,\"InstalledAppsList\":\"\"}','500A','Device Information'),
	(8493,1,'Admin',70,'\"hi\"','R','28/8/2013 @ 13:55:40','28/8/2013 @ 13:55:50','[{\"name\":\"ExtraLife\",\"package\":\"com.yourextralife.yel\",\"icon\":\"\"},{\"name\":\"Tumblr\",\"package\":\"com.tumblr.tumblr\",\"icon\":\"\"},{\"name\":\"Podcasts\",\"package\":\"com.apple.podcasts\",\"icon\":\"\"},{\"name\":\"iReddit\",\"package\":\"com.condenet.reddit\",\"icon\":\"\"},{\"name\":\"Foursquare\",\"package\":\"com.naveenium.foursquare\",\"icon\":\"\"},{\"name\":\"Dunno\",\"package\":\"com.spacestation6.dunno\",\"icon\":\"\"},{\"name\":\"count.do\",\"package\":\"com.orkestra.count-do\",\"icon\":\"\"},{\"name\":\"Dreamboard\",\"package\":\"com.dreamboard.mobile\",\"icon\":\"\"},{\"name\":\"PayPal\",\"package\":\"com.yourcompany.PPClient\",\"icon\":\"\"},{\"name\":\"Currency\",\"package\":\"com.xe.XECurrency\",\"icon\":\"\"},{\"name\":\"Mixcloud\",\"package\":\"com.mixcloud.iphone\",\"icon\":\"\"},{\"name\":\"#nwplyng\",\"package\":\"com.nwplyng.-nwplyng\",\"icon\":\"\"},{\"name\":\"Chrome\",\"package\":\"com.google.chrome.ios\",\"icon\":\"\"},{\"name\":\"Vine\",\"package\":\"com.vine.iphone\",\"icon\":\"\"},{\"name\":\"Messenger\",\"package\":\"com.facebook.Messenger\",\"icon\":\"\"},{\"name\":\"Pinterest\",\"package\":\"pinterest\",\"icon\":\"\"},{\"name\":\"eBay\",\"package\":\"com.ebay.iphone\",\"icon\":\"\"},{\"name\":\"RunKeeper\",\"package\":\"RunKeeperPro\",\"icon\":\"\"},{\"name\":\"Hangouts\",\"package\":\"com.google.hangouts\",\"icon\":\"\"},{\"name\":\"Remote\",\"package\":\"com.apple.Remote\",\"icon\":\"\"},{\"name\":\"Drive\",\"package\":\"com.google.Drive\",\"icon\":\"\"},{\"name\":\"Elevatr\",\"package\":\"com.elevatrapp.elevatr\",\"icon\":\"\"},{\"name\":\"Champs\",\"package\":\"com.quarkgames.champs\",\"icon\":\"\"},{\"name\":\"Foxit PDF\",\"package\":\"com.foxitcorporation.reader\",\"icon\":\"\"},{\"name\":\"RTM\",\"package\":\"com.rememberthemilk.mobilertm\",\"icon\":\"\"},{\"name\":\"Resistor Color Code\",\"package\":\"com.billsnotepad.resistor\",\"icon\":\"\"},{\"name\":\"SoundHound\",\"package\":\"com.melodis.soundhound.free\",\"icon\":\"\"},{\"name\":\"Ringtone+++\",\"package\":\"com.vtechnologyjsc.ringtoneplus\",\"icon\":\"\"},{\"name\":\"Pocket\",\"package\":\"com.ideashower.ReadItLaterPro\",\"icon\":\"\"},{\"name\":\"Hippo LITE\",\"package\":\"com.robohippo.hipporemote.lite\",\"icon\":\"\"},{\"name\":\"DailyCost\",\"package\":\"com.gpl.dailycost\",\"icon\":\"\"},{\"name\":\"Issues\",\"package\":\"com.github.iceberg\",\"icon\":\"\"},{\"name\":\"Path\",\"package\":\"com.path.Path\",\"icon\":\"\"},{\"name\":\"iBooks\",\"package\":\"com.apple.iBooks\",\"icon\":\"\"},{\"name\":\"iTunes U\",\"package\":\"com.apple.itunesu\",\"icon\":\"\"},{\"name\":\"Timehop\",\"package\":\"com.timehop.ios.Timehop\",\"icon\":\"\"},{\"name\":\"Twitter\",\"package\":\"com.atebits.Tweetie2\",\"icon\":\"\"},{\"name\":\"Everest\",\"package\":\"st.evr.everest\",\"icon\":\"\"},{\"name\":\"Temple Run 2\",\"package\":\"com.imangi.templerun2\",\"icon\":\"\"},{\"name\":\"Jasmine\",\"package\":\"com.designshed.jasmine\",\"icon\":\"\"},{\"name\":\"Mirrorgram\",\"package\":\"com.stagebloc.mirrorgramapp\",\"icon\":\"\"},{\"name\":\"StumbleUpon\",\"package\":\"stumbleupon\",\"icon\":\"\"},{\"name\":\"Meetup\",\"package\":\"com.meetup.iphone\",\"icon\":\"\"},{\"name\":\"Instagram\",\"package\":\"com.burbn.instagram\",\"icon\":\"\"},{\"name\":\"Google\",\"package\":\"com.google.GoogleMobile\",\"icon\":\"\"},{\"name\":\"Food\",\"package\":\"com.evernote.food\",\"icon\":\"\"},{\"name\":\"Flashlight\",\"package\":\"com.ihandysoft.flashlight.free\",\"icon\":\"\"},{\"name\":\"Reuters\",\"package\":\"com.thomsonreuters.Reuters\",\"icon\":\"\"},{\"name\":\"Hello\",\"package\":\"com.evernote.hello\",\"icon\":\"\"}]','502A','Get All Applications'),
	(8494,-1,'admin',69,'\"hi\"','P','28/8/2013 @ 13:57:2',NULL,NULL,'500A','Device Information'),
	(8495,-1,'admin',69,'\"hi\"','P','28/8/2013 @ 13:57:2',NULL,NULL,'502A','Get All Applications'),
	(8496,-1,'admin',69,'\"hi\"','P','28/8/2013 @ 13:57:45',NULL,NULL,'500A','Device Information'),
	(8497,-1,'admin',69,'\"hi\"','P','28/8/2013 @ 13:57:53',NULL,NULL,'500A','Device Information'),
	(8498,1,'Admin',70,'\"hi\"','R','28/8/2013 @ 14:6:6','28/8/2013 @ 14:6:28','[{\"name\":\"ExtraLife\",\"package\":\"com.yourextralife.yel\",\"icon\":\"\"},{\"name\":\"Tumblr\",\"package\":\"com.tumblr.tumblr\",\"icon\":\"\"},{\"name\":\"Podcasts\",\"package\":\"com.apple.podcasts\",\"icon\":\"\"},{\"name\":\"iReddit\",\"package\":\"com.condenet.reddit\",\"icon\":\"\"},{\"name\":\"Foursquare\",\"package\":\"com.naveenium.foursquare\",\"icon\":\"\"},{\"name\":\"Dunno\",\"package\":\"com.spacestation6.dunno\",\"icon\":\"\"},{\"name\":\"count.do\",\"package\":\"com.orkestra.count-do\",\"icon\":\"\"},{\"name\":\"Dreamboard\",\"package\":\"com.dreamboard.mobile\",\"icon\":\"\"},{\"name\":\"PayPal\",\"package\":\"com.yourcompany.PPClient\",\"icon\":\"\"},{\"name\":\"Currency\",\"package\":\"com.xe.XECurrency\",\"icon\":\"\"},{\"name\":\"Mixcloud\",\"package\":\"com.mixcloud.iphone\",\"icon\":\"\"},{\"name\":\"#nwplyng\",\"package\":\"com.nwplyng.-nwplyng\",\"icon\":\"\"},{\"name\":\"Chrome\",\"package\":\"com.google.chrome.ios\",\"icon\":\"\"},{\"name\":\"Vine\",\"package\":\"com.vine.iphone\",\"icon\":\"\"},{\"name\":\"Messenger\",\"package\":\"com.facebook.Messenger\",\"icon\":\"\"},{\"name\":\"Pinterest\",\"package\":\"pinterest\",\"icon\":\"\"},{\"name\":\"eBay\",\"package\":\"com.ebay.iphone\",\"icon\":\"\"},{\"name\":\"RunKeeper\",\"package\":\"RunKeeperPro\",\"icon\":\"\"},{\"name\":\"Hangouts\",\"package\":\"com.google.hangouts\",\"icon\":\"\"},{\"name\":\"Remote\",\"package\":\"com.apple.Remote\",\"icon\":\"\"},{\"name\":\"Drive\",\"package\":\"com.google.Drive\",\"icon\":\"\"},{\"name\":\"Elevatr\",\"package\":\"com.elevatrapp.elevatr\",\"icon\":\"\"},{\"name\":\"Champs\",\"package\":\"com.quarkgames.champs\",\"icon\":\"\"},{\"name\":\"Foxit PDF\",\"package\":\"com.foxitcorporation.reader\",\"icon\":\"\"},{\"name\":\"RTM\",\"package\":\"com.rememberthemilk.mobilertm\",\"icon\":\"\"},{\"name\":\"Resistor Color Code\",\"package\":\"com.billsnotepad.resistor\",\"icon\":\"\"},{\"name\":\"SoundHound\",\"package\":\"com.melodis.soundhound.free\",\"icon\":\"\"},{\"name\":\"Ringtone+++\",\"package\":\"com.vtechnologyjsc.ringtoneplus\",\"icon\":\"\"},{\"name\":\"Pocket\",\"package\":\"com.ideashower.ReadItLaterPro\",\"icon\":\"\"},{\"name\":\"Hippo LITE\",\"package\":\"com.robohippo.hipporemote.lite\",\"icon\":\"\"},{\"name\":\"DailyCost\",\"package\":\"com.gpl.dailycost\",\"icon\":\"\"},{\"name\":\"Issues\",\"package\":\"com.github.iceberg\",\"icon\":\"\"},{\"name\":\"Path\",\"package\":\"com.path.Path\",\"icon\":\"\"},{\"name\":\"iBooks\",\"package\":\"com.apple.iBooks\",\"icon\":\"\"},{\"name\":\"iTunes U\",\"package\":\"com.apple.itunesu\",\"icon\":\"\"},{\"name\":\"Timehop\",\"package\":\"com.timehop.ios.Timehop\",\"icon\":\"\"},{\"name\":\"Twitter\",\"package\":\"com.atebits.Tweetie2\",\"icon\":\"\"},{\"name\":\"Everest\",\"package\":\"st.evr.everest\",\"icon\":\"\"},{\"name\":\"Temple Run 2\",\"package\":\"com.imangi.templerun2\",\"icon\":\"\"},{\"name\":\"Jasmine\",\"package\":\"com.designshed.jasmine\",\"icon\":\"\"},{\"name\":\"Mirrorgram\",\"package\":\"com.stagebloc.mirrorgramapp\",\"icon\":\"\"},{\"name\":\"StumbleUpon\",\"package\":\"stumbleupon\",\"icon\":\"\"},{\"name\":\"Meetup\",\"package\":\"com.meetup.iphone\",\"icon\":\"\"},{\"name\":\"Instagram\",\"package\":\"com.burbn.instagram\",\"icon\":\"\"},{\"name\":\"Google\",\"package\":\"com.google.GoogleMobile\",\"icon\":\"\"},{\"name\":\"Food\",\"package\":\"com.evernote.food\",\"icon\":\"\"},{\"name\":\"Flashlight\",\"package\":\"com.ihandysoft.flashlight.free\",\"icon\":\"\"},{\"name\":\"Reuters\",\"package\":\"com.thomsonreuters.Reuters\",\"icon\":\"\"},{\"name\":\"Hello\",\"package\":\"com.evernote.hello\",\"icon\":\"\"}]','502A','Get All Applications'),
	(8499,1,'Admin',70,'\"hi\"','R','28/8/2013 @ 14:6:6','28/8/2013 @ 14:6:28','{\"battery\":{\"level\":\"64\"},\"internal_memory\":{\"total\":13.46,\"available\":0.77},\"operator\":null,\"InstalledAppsList\":\"\"}','500A','Device Information'),
	(8500,-1,'admin',69,'\"hi\"','P','28/8/2013 @ 14:24:48',NULL,NULL,'502A','Get All Applications'),
	(8501,-1,'admin',69,'\"hi\"','P','28/8/2013 @ 14:24:48',NULL,NULL,'500A','Device Information'),
	(8502,1,'Admin',70,'\"hi\"','D','28/8/2013 @ 14:24:51',NULL,NULL,'500A','Device Information'),
	(8503,1,'Admin',70,'\"hi\"','D','28/8/2013 @ 14:24:51',NULL,NULL,'502A','Get All Applications'),
	(8504,-1,'admin',69,'{\"type\" : \"Enterprise\", \"identity\" : \"http://10.200.1.144:9763/publisher/uploads/ljrBAWSO2PhoneDirectory.apk\"}','P','29/8/2013 @ 11:56:16',NULL,NULL,'509A','Install Application'),
	(8505,-1,'admin',69,'{\"type\" : \"Enterprise\", \"identity\" : \"http://10.200.1.144:9763/publisher/uploads/Wre1mWSO2PhoneDirectory.apk\"}','P','29/8/2013 @ 12:50:44',NULL,NULL,'509A','Install Application'),
	(8506,-1,'admin',69,'{\"type\" : \"Enterprise\", \"identity\" : \"http://10.200.1.144:9763/publisher/uploads/Wre1mWSO2PhoneDirectory.apk\"}','P','29/8/2013 @ 14:17:53',NULL,NULL,'509A','Install Application'),
	(8507,-1,'admin',71,'\"hi\"','P','29/8/2013 @ 14:18:9',NULL,NULL,'500A','Device Information'),
	(8508,-1,'admin',71,'\"hi\"','P','29/8/2013 @ 14:18:10',NULL,NULL,'502A','Get All Applications'),
	(8509,-1,'admin',71,'\"hi\"','P','29/8/2013 @ 14:18:10',NULL,NULL,'514A','Track Call Log'),
	(8510,-1,'admin',71,'\"hi\"','P','29/8/2013 @ 14:18:11',NULL,NULL,'516A','Track Data Usage'),
	(8511,-1,'admin',71,'{\"type\" : \"Enterprise\", \"identity\" : \"http://10.200.1.144:9763/publisher/uploads/Wre1mWSO2PhoneDirectory.apk\"}','R','29/8/2013 @ 14:18:47','29/8/2013 @ 14:18:49','null','509A','Install Application'),
	(8512,-1,'admin',71,'{\"type\" : \"Enterprise\", \"identity\" : \"http://10.100.0.151:9763/publisher/uploads/Wre1mWSO2PhoneDirectory.apk\"}','P','29/8/2013 @ 14:20:5',NULL,NULL,'509A','Install Application'),
	(8513,-1,'admin',71,'{\"type\" : \"Enterprise\", \"identity\" : \"http://10.100.0.151:9763/publisher/uploads/Wre1mWSO2PhoneDirectory.apk\"}','P','29/8/2013 @ 14:21:54',NULL,NULL,'509A','Install Application'),
	(8514,-1,'admin',71,'{\"type\" : \"Enterprise\", \"identity\" : \"http://10.100.0.151:9763/publisher/uploads/Wre1mWSO2PhoneDirectory.apk\"}','P','29/8/2013 @ 14:23:15',NULL,NULL,'509A','Install Application'),
	(8515,-1,'admin',71,'{\"type\" : \"Enterprise\", \"identity\" : \"http://10.100.0.151:9763/publisher/uploads/Wre1mWSO2PhoneDirectory.apk\"}','R','29/8/2013 @ 14:24:42','29/8/2013 @ 14:25:35','null','509A','Install Application'),
	(8516,-1,'admin',71,'{\"type\" : \"Enterprise\", \"identity\" : \"http://10.100.0.151:9763/publisher/uploads/Wre1mWSO2PhoneDirectory.apk\"}','R','29/8/2013 @ 14:26:17','29/8/2013 @ 14:26:18','null','509A','Install Application'),
	(8517,-1,'admin',71,'{\"type\" : \"Enterprise\", \"identity\" : \"http://10.100.0.151:9763/publisher/uploads/Wre1mWSO2PhoneDirectory.apk\"}','P','29/8/2013 @ 14:29:2',NULL,NULL,'509A','Install Application'),
	(8518,1,'Admin',70,'\"hi\"','P','29/8/2013 @ 14:47:8',NULL,NULL,'502A','Get All Applications'),
	(8519,1,'Admin',70,'\"hi\"','P','29/8/2013 @ 14:47:8',NULL,NULL,'500A','Device Information'),
	(8520,-1,'admin',71,'\"hi\"','R','29/8/2013 @ 14:47:15','29/8/2013 @ 14:47:17','{\"internal_memory\":{\"total\":8.92,\"available\":1.01},\"location_obj\":{\"longitude\":79.8527463,\"latitude\":6.9095933},\"external_memory\":{\"total\":8.9,\"available\":0.99},\"operator\":[\"Dialog\"],\"battery\":{\"level\":51}}','500A','Device Information'),
	(8521,-1,'admin',71,'\"hi\"','R','29/8/2013 @ 14:47:15','29/8/2013 @ 14:47:19','[{\"package\":\"air.com.playplus.canimalMatch3VS\",\"icon\":\"\",\"name\":\"Match3VS\"},{\"package\":\"an.sc.sja\",\"icon\":\"\",\"name\":\"St John Ambulance App\"},{\"package\":\"android\",\"icon\":\"\",\"name\":\"Android System\"},{\"package\":\"android.googleSearch.googleSearchWidget\",\"icon\":\"\",\"name\":\"Google Search\"},{\"package\":\"bbc.mobile.news.ww\",\"icon\":\"\",\"name\":\"BBC News\"},{\"package\":\"br.com.rodrigokolb.tabla\",\"icon\":\"\",\"name\":\"Tabla\"},{\"package\":\"com.LocalFota\",\"icon\":\"\",\"name\":\"LocalFOTA\"},{\"package\":\"com.activities.tagyours\",\"icon\":\"\",\"name\":\"TagYours\"},\n{\"package\":\"com.mdm\",\"icon\":\"\",\"name\":\"WSO2Phonebook\"},{\"package\":\"com.adaderana\",\"icon\":\"\",\"name\":\"AdaDerana\"},{\"package\":\"com.adobe.reader\",\"icon\":\"\",\"name\":\"Adobe Reader\"}]','502A','Get All Applications'),
	(8522,-1,'admin',71,'{\"type\" : \"Enterprise\", \"identity\" : \"http://10.100.0.151:9763/publisher/uploads/Wre1mWSO2PhoneDirectory.apk\"}','P','29/8/2013 @ 15:40:32',NULL,NULL,'509A','Install Application'),
	(8523,-1,'admin',71,'{\"type\" : \"Enterprise\", \"identity\" : \"http://10.100.0.151:9763/publisher/uploads/Wre1mWSO2PhoneDirectory.apk\"}','P','29/8/2013 @ 15:41:28',NULL,NULL,'509A','Install Application'),
	(8524,-1,'admin',71,'{\"type\" : \"Enterprise\", \"identity\" : \"http://10.100.0.151:9763/publisher/uploads/Wre1mWSO2PhoneDirectory.apk\"}','R','29/8/2013 @ 15:45:27','29/8/2013 @ 15:45:38','null','509A','Install Application'),
	(8525,-1,'admin',71,'{\"type\" : \"Enterprise\", \"identity\" : \"http://10.100.0.151:9763/publisher/uploads/Wre1mWSO2PhoneDirectory.apk\"}','P','29/8/2013 @ 16:10:23',NULL,NULL,'509A','Install Application'),
	(8526,-1,'kasun@wso2.com',72,'\"hi\"','P','13/9/2013 @ 15:23:15',NULL,NULL,'500A','Device Information'),
	(8527,-1,'kasun@wso2.com',72,'\"hi\"','P','13/9/2013 @ 15:23:17',NULL,NULL,'502A','Get All Applications'),
	(8528,-1,'kasun@wso2.com',72,'\"hi\"','P','13/9/2013 @ 15:23:17',NULL,NULL,'514A','Track Call Log'),
	(8529,-1,'kasun@wso2.com',72,'\"hi\"','R','13/9/2013 @ 15:23:18','13/9/2013 @ 15:25:27','{\"totalupload\":\"81.83\",\"appdata\":\"[{},{},{},{},{},{},{\\\"package\\\":\\\"com.dropbox.android\\\",\\\"download\\\":0.01,\\\"upload\\\":0,\\\"name\\\":\\\"Dropbox\\\"},{},{\\\"package\\\":\\\"com.android.providers.media\\\",\\\"download\\\":77.58,\\\"upload\\\":0.01,\\\"name\\\":\\\"Media Storage\\\"},{},{},{},{},{},{},{},{},{},{},{},{},{},{},{\\\"package\\\":\\\"com.mdm\\\",\\\"download\\\":0,\\\"upload\\\":0,\\\"name\\\":\\\"WSO2 Agent\\\"},{},{},{},{},{},{},{},{},{},{},{},{},{},{},{},{},{},{},{},{},{},{},{},{},{},{},{},{},{},{\\\"package\\\":\\\"com.android.vending\\\",\\\"download\\\":0.15,\\\"upload\\\":0.03,\\\"name\\\":\\\"Google Play Store\\\"},{},{},{},{},{},{},{},{},{},{\\\"package\\\":\\\"tv.peel.samsung.app\\\",\\\"download\\\":0,\\\"upload\\\":0,\\\"name\\\":\\\"Samsung WatchON\\\"},{},{},{},{},{},{},{},{},{},{},{},{},{},{},{},{},{},{},{},{},{},{},{},{},{},{},{\\\"package\\\":\\\"com.google.android.syncadapters.contacts\\\",\\\"download\\\":0.2,\\\"upload\\\":0.07,\\\"name\\\":\\\"Google Contacts Sync\\\"},{\\\"package\\\":\\\"com.google.android.partnersetup\\\",\\\"download\\\":0,\\\"upload\\\":0,\\\"name\\\":\\\"Google Partner Set Up\\\"},{},{},{},{},{},{},{},{},{},{},{},{},{},{},{},{},{},{},{},{},{\\\"package\\\":\\\"flipboard.app\\\",\\\"download\\\":0.18,\\\"upload\\\":0,\\\"name\\\":\\\"Flipboard\\\"},{},{},{},{},{},{},{},{},{},{},{},{},{\\\"package\\\":\\\"com.google.android.googlequicksearchbox\\\",\\\"download\\\":0.23,\\\"upload\\\":0.02,\\\"name\\\":\\\"Google Search\\\"},{},{},{},{},{},{},{},{},{},{},{},{},{},{},{},{},{},{},{},{},{},{},{},{},{},{},{},{},{},{},{},{},{},{},{},{},{},{},{\\\"package\\\":\\\"com.vlingo.midas\\\",\\\"download\\\":0,\\\"upload\\\":0.01,\\\"name\\\":\\\"S Voice\\\"},{},{},{},{},{},{},{},{},{\\\"package\\\":\\\"com.sec.spp.push\\\",\\\"download\\\":0.09,\\\"upload\\\":0.02,\\\"name\\\":\\\"Samsung Push Service\\\"},{\\\"package\\\":\\\"com.sec.android.app.samsungapps\\\",\\\"download\\\":0,\\\"upload\\\":0,\\\"name\\\":\\\"Samsung Apps\\\"},{},{},{},{},{},{},{\\\"package\\\":\\\"com.antivirus\\\",\\\"download\\\":0.01,\\\"upload\\\":0,\\\"name\\\":\\\"AntiVirus\\\"},{},{},{},{},{},{},{},{},{},{\\\"package\\\":\\\"com.codingcaveman.SoloTrial\\\",\\\"download\\\":0,\\\"upload\\\":0,\\\"name\\\":\\\"Solo Lite\\\"},{},{},{},{},{\\\"package\\\":\\\"com.dailymotion.dailymotion\\\",\\\"download\\\":0.07,\\\"upload\\\":0.02,\\\"name\\\":\\\"Dailymotion\\\"},{},{},{},{},{},{},{},{},{},{},{},{},{\\\"package\\\":\\\"com.viber.voip\\\",\\\"download\\\":0,\\\"upload\\\":0,\\\"name\\\":\\\"Viber\\\"},{},{},{},{},{},{},{},{},{},{},{},{},{},{},{},{},{},{},{\\\"package\\\":\\\"com.google.android.youtube\\\",\\\"download\\\":0.01,\\\"upload\\\":0,\\\"name\\\":\\\"YouTube\\\"},{},{},{},{},{},{},{},{\\\"package\\\":\\\"com.facebook.katana\\\",\\\"download\\\":0.22,\\\"upload\\\":0.15,\\\"name\\\":\\\"Facebook\\\"},{},{},{},{\\\"package\\\":\\\"com.cleanmaster.mguard\\\",\\\"download\\\":0,\\\"upload\\\":0,\\\"name\\\":\\\"Clean Master\\\"},{},{},{},{\\\"package\\\":\\\"com.gau.go.launcherex.gowidget.taskmanagerex\\\",\\\"download\\\":0,\\\"upload\\\":0,\\\"name\\\":\\\"GO TaskManager EX\\\"},{},{\\\"package\\\":\\\"com.skillpages.app\\\",\\\"download\\\":0.01,\\\"upload\\\":0,\\\"name\\\":\\\"SkillPages\\\"},{\\\"package\\\":\\\"com.outlook.Z7\\\",\\\"download\\\":0.12,\\\"upload\\\":0.09,\\\"name\\\":\\\"Outlook.com\\\"},{},{},{},{},{},{\\\"package\\\":\\\"com.yahoo.mobile.client.android.mail\\\",\\\"download\\\":0.06,\\\"upload\\\":0.05,\\\"name\\\":\\\"Y! Mail\\\"},{},{},{},{},{},{\\\"package\\\":\\\"com.wssyncmldm\\\",\\\"download\\\":0,\\\"upload\\\":0,\\\"name\\\":\\\"Software update\\\"},{}]\",\"totaldownload\":\"2.22\"}','516A','Track Data Usage'),
	(8530,-1,'kasun@wso2.com',73,'\"hi\"','P','13/9/2013 @ 16:40:54',NULL,NULL,'500A','Device Information'),
	(8531,-1,'kasun@wso2.com',73,'\"hi\"','P','13/9/2013 @ 16:40:56',NULL,NULL,'502A','Get All Applications'),
	(8532,-1,'kasun@wso2.com',73,'\"hi\"','P','13/9/2013 @ 16:40:56',NULL,NULL,'514A','Track Call Log'),
	(8533,-1,'kasun@wso2.com',73,'\"hi\"','R','13/9/2013 @ 16:40:56','13/9/2013 @ 16:43:20','{\"totalupload\":\"95.64\",\"appdata\":\"[{},{},{},{},{},{},{\\\"package\\\":\\\"com.dropbox.android\\\",\\\"download\\\":0.01,\\\"upload\\\":0,\\\"name\\\":\\\"Dropbox\\\"},{},{\\\"package\\\":\\\"com.android.providers.media\\\",\\\"download\\\":77.58,\\\"upload\\\":0.01,\\\"name\\\":\\\"Media Storage\\\"},{},{},{},{},{},{},{},{},{},{},{},{},{},{},{\\\"package\\\":\\\"com.mdm\\\",\\\"download\\\":0,\\\"upload\\\":0.01,\\\"name\\\":\\\"WSO2 Agent\\\"},{},{},{},{},{},{},{},{},{},{},{},{},{},{},{},{},{},{},{},{},{},{},{},{},{},{},{},{},{},{\\\"package\\\":\\\"com.android.vending\\\",\\\"download\\\":0.17,\\\"upload\\\":0.04,\\\"name\\\":\\\"Google Play Store\\\"},{},{},{},{},{},{},{},{},{},{\\\"package\\\":\\\"tv.peel.samsung.app\\\",\\\"download\\\":0,\\\"upload\\\":0,\\\"name\\\":\\\"Samsung WatchON\\\"},{},{},{},{},{},{},{},{},{},{},{},{},{},{},{},{},{},{},{},{},{},{\\\"package\\\":\\\"com.activities.tagyours\\\",\\\"download\\\":12.38,\\\"upload\\\":0.03,\\\"name\\\":\\\"TagYours\\\"},{},{},{},{},{},{\\\"package\\\":\\\"com.google.android.syncadapters.contacts\\\",\\\"download\\\":0.32,\\\"upload\\\":0.11,\\\"name\\\":\\\"Google Contacts Sync\\\"},{\\\"package\\\":\\\"com.google.android.partnersetup\\\",\\\"download\\\":0,\\\"upload\\\":0,\\\"name\\\":\\\"Google Partner Set Up\\\"},{},{},{},{},{},{},{},{},{},{},{},{},{},{},{},{},{},{},{},{},{\\\"package\\\":\\\"flipboard.app\\\",\\\"download\\\":0.18,\\\"upload\\\":0,\\\"name\\\":\\\"Flipboard\\\"},{},{},{},{},{},{},{},{},{},{},{},{},{\\\"package\\\":\\\"com.google.android.googlequicksearchbox\\\",\\\"download\\\":0.23,\\\"upload\\\":0.02,\\\"name\\\":\\\"Google Search\\\"},{},{},{},{},{},{},{},{},{},{},{},{},{},{},{},{},{},{},{},{},{},{},{},{},{},{},{},{},{},{},{},{},{},{},{},{},{},{},{\\\"package\\\":\\\"com.vlingo.midas\\\",\\\"download\\\":0,\\\"upload\\\":0.01,\\\"name\\\":\\\"S Voice\\\"},{},{},{},{},{},{},{},{},{\\\"package\\\":\\\"com.sec.spp.push\\\",\\\"download\\\":0.14,\\\"upload\\\":0.03,\\\"name\\\":\\\"Samsung Push Service\\\"},{\\\"package\\\":\\\"com.sec.android.app.samsungapps\\\",\\\"download\\\":0,\\\"upload\\\":0,\\\"name\\\":\\\"Samsung Apps\\\"},{},{},{},{},{},{},{\\\"package\\\":\\\"com.antivirus\\\",\\\"download\\\":0.01,\\\"upload\\\":0.01,\\\"name\\\":\\\"AntiVirus\\\"},{},{},{},{},{},{},{},{},{},{\\\"package\\\":\\\"com.codingcaveman.SoloTrial\\\",\\\"download\\\":0,\\\"upload\\\":0,\\\"name\\\":\\\"Solo Lite\\\"},{},{},{},{},{\\\"package\\\":\\\"com.dailymotion.dailymotion\\\",\\\"download\\\":0.12,\\\"upload\\\":0.03,\\\"name\\\":\\\"Dailymotion\\\"},{},{},{},{},{},{},{},{},{},{},{},{\\\"package\\\":\\\"com.linkedin.android\\\",\\\"download\\\":0.07,\\\"upload\\\":0.03,\\\"name\\\":\\\"LinkedIn\\\"},{\\\"package\\\":\\\"com.viber.voip\\\",\\\"download\\\":0.01,\\\"upload\\\":0.01,\\\"name\\\":\\\"Viber\\\"},{},{},{},{},{},{},{},{},{},{},{},{},{},{},{},{},{},{},{\\\"package\\\":\\\"com.google.android.youtube\\\",\\\"download\\\":0.01,\\\"upload\\\":0,\\\"name\\\":\\\"YouTube\\\"},{},{},{},{},{},{},{},{\\\"package\\\":\\\"com.facebook.katana\\\",\\\"download\\\":0.33,\\\"upload\\\":0.23,\\\"name\\\":\\\"Facebook\\\"},{},{},{},{\\\"package\\\":\\\"com.cleanmaster.mguard\\\",\\\"download\\\":0,\\\"upload\\\":0,\\\"name\\\":\\\"Clean Master\\\"},{},{},{},{\\\"package\\\":\\\"com.gau.go.launcherex.gowidget.taskmanagerex\\\",\\\"download\\\":0,\\\"upload\\\":0,\\\"name\\\":\\\"GO TaskManager EX\\\"},{},{\\\"package\\\":\\\"com.skillpages.app\\\",\\\"download\\\":0.03,\\\"upload\\\":0.01,\\\"name\\\":\\\"SkillPages\\\"},{\\\"package\\\":\\\"com.outlook.Z7\\\",\\\"download\\\":0.22,\\\"upload\\\":0.17,\\\"name\\\":\\\"Outlook.com\\\"},{},{},{},{},{},{\\\"package\\\":\\\"com.yahoo.mobile.client.android.mail\\\",\\\"download\\\":0.06,\\\"upload\\\":0.05,\\\"name\\\":\\\"Y! Mail\\\"},{},{},{},{},{},{\\\"package\\\":\\\"com.wssyncmldm\\\",\\\"download\\\":0,\\\"upload\\\":0,\\\"name\\\":\\\"Software update\\\"},{}]\",\"totaldownload\":\"3.09\"}','516A','Track Data Usage'),
	(8534,1,'Admin',70,'{\"type\" : \"Enterprise\", \"identity\" : \"http://localhost:9763/upload/7GFugMDMAgent1-1.0.apk\"}','D','17/9/2013 @ 10:54:13',NULL,NULL,'509A','Install Application'),
	(8535,-1,'admin',75,'\"hi\"','P','17/9/2013 @ 11:10:17',NULL,NULL,'500A','Device Information'),
	(8536,-1,'admin',75,'\"hi\"','P','17/9/2013 @ 11:10:19',NULL,NULL,'502A','Get All Applications'),
	(8537,-1,'admin',75,'\"hi\"','P','17/9/2013 @ 11:10:19',NULL,NULL,'514A','Track Call Log'),
	(8538,-1,'admin',75,'\"hi\"','P','17/9/2013 @ 11:10:20',NULL,NULL,'516A','Track Data Usage'),
	(8539,-1,'admin',76,'\"hi\"','P','17/9/2013 @ 11:11:23',NULL,NULL,'500A','Device Information'),
	(8540,-1,'admin',76,'\"hi\"','P','17/9/2013 @ 11:11:24',NULL,NULL,'502A','Get All Applications'),
	(8541,-1,'admin',76,'\"hi\"','P','17/9/2013 @ 11:11:24',NULL,NULL,'516A','Track Data Usage'),
	(8542,-1,'admin',77,'\"hi\"','P','17/9/2013 @ 11:19:10',NULL,NULL,'500A','Device Information'),
	(8543,-1,'admin',77,'\"hi\"','P','17/9/2013 @ 11:19:11',NULL,NULL,'502A','Get All Applications'),
	(8544,-1,'admin',77,'\"hi\"','R','17/9/2013 @ 11:19:11','17/9/2013 @ 11:21:24','{\"totalupload\":\"130.15\",\"appdata\":\"[{},{},{},{},{},{},{},{},{},{},{},{},{},{},{\\\"package\\\":\\\"com.google.android.googlequicksearchbox\\\",\\\"download\\\":0.11,\\\"upload\\\":0.02,\\\"name\\\":\\\"Google Search\\\"},{},{},{},{},{\\\"package\\\":\\\"com.google.android.syncadapters.contacts\\\",\\\"download\\\":0.98,\\\"upload\\\":0.22,\\\"name\\\":\\\"Google Contacts Sync\\\"},{},{\\\"package\\\":\\\"com.google.android.gm\\\",\\\"download\\\":0.16,\\\"upload\\\":0.02,\\\"name\\\":\\\"Gmail\\\"},{},{},{\\\"package\\\":\\\"com.adaderana.tv.phone\\\",\\\"download\\\":0.02,\\\"upload\\\":0,\\\"name\\\":\\\"TV Derana\\\"},{},{},{},{},{},{\\\"package\\\":\\\"com.android.providers.media\\\",\\\"download\\\":22.8,\\\"upload\\\":0.03,\\\"name\\\":\\\"Media Storage\\\"},{},{},{},{\\\"package\\\":\\\"com.mdm\\\",\\\"download\\\":0.01,\\\"upload\\\":0.13,\\\"name\\\":\\\"WSO2 Agent\\\"},{},{},{},{\\\"package\\\":\\\"com.android.chrome\\\",\\\"download\\\":0.02,\\\"upload\\\":0,\\\"name\\\":\\\"Chrome\\\"},{},{},{\\\"package\\\":\\\"com.sonymobile.advancedwidget.topcontacts\\\",\\\"download\\\":0,\\\"upload\\\":0,\\\"name\\\":\\\"Top Contacts\\\"},{},{\\\"package\\\":\\\"com.android.browser\\\",\\\"download\\\":0.54,\\\"upload\\\":0.06,\\\"name\\\":\\\"Browser\\\"},{},{},{},{},{},{},{},{\\\"package\\\":\\\"com.sonyericsson.updatecenter\\\",\\\"download\\\":0,\\\"upload\\\":0,\\\"name\\\":\\\"Update Centre\\\"},{},{},{},{},{},{},{},{},{},{\\\"package\\\":\\\"com.google.android.talk\\\",\\\"download\\\":1.46,\\\"upload\\\":0.92,\\\"name\\\":\\\"Hangouts\\\"},{},{},{},{\\\"package\\\":\\\"com.sonyericsson.tvlauncher\\\",\\\"download\\\":0,\\\"upload\\\":0,\\\"name\\\":\\\"TV launcher\\\"},{},{},{},{},{},{},{},{},{},{},{},{},{},{},{},{},{},{},{},{},{},{},{},{},{},{},{\\\"package\\\":\\\"com.sonyericsson.album\\\",\\\"download\\\":0.03,\\\"upload\\\":0.04,\\\"name\\\":\\\"Album\\\"},{},{},{},{},{},{},{},{},{\\\"package\\\":\\\"com.android.vending\\\",\\\"download\\\":1.57,\\\"upload\\\":0.16,\\\"name\\\":\\\"Google Play Store\\\"},{},{},{},{},{},{},{},{},{},{},{},{},{},{},{},{},{},{},{},{},{},{},{},{},{},{},{},{},{},{},{},{},{},{},{},{},{},{},{},{},{\\\"package\\\":\\\"de.arvatomobile.sonyericsson.playnow.android\\\",\\\"download\\\":0,\\\"upload\\\":0,\\\"name\\\":\\\"PlayNow™\\\"},{},{},{},{},{},{},{},{},{},{},{},{},{},{},{},{},{},{},{\\\"package\\\":\\\"com.google.android.youtube\\\",\\\"download\\\":0.35,\\\"upload\\\":0.05,\\\"name\\\":\\\"YouTube\\\"},{\\\"package\\\":\\\"com.skype.raider\\\",\\\"download\\\":0.02,\\\"upload\\\":0.01,\\\"name\\\":\\\"Skype\\\"},{},{},{},{},{},{},{},{},{\\\"package\\\":\\\"com.facebook.katana\\\",\\\"download\\\":9.7,\\\"upload\\\":2.01,\\\"name\\\":\\\"Facebook\\\"},{},{},{},{\\\"package\\\":\\\"com.sonymobile.superstamina\\\",\\\"download\\\":0,\\\"upload\\\":0,\\\"name\\\":\\\"Eco mode controller\\\"},{},{},{},{},{},{},{},{},{},{},{},{},{},{},{},{},{},{}]\",\"totaldownload\":\"39.04\"}','516A','Track Data Usage'),
	(8545,-1,'gayan@wso2mobile.com',78,'\"hi\"','P','17/9/2013 @ 11:23:1',NULL,NULL,'500A','Device Information'),
	(8546,-1,'gayan@wso2mobile.com',78,'\"hi\"','P','17/9/2013 @ 11:23:2',NULL,NULL,'502A','Get All Applications'),
	(8547,-1,'gayan@wso2mobile.com',78,'\"hi\"','P','17/9/2013 @ 11:23:3',NULL,NULL,'516A','Track Data Usage'),
	(8548,-1,'gayan@wso2mobile.com',78,'\"hi\"','P','17/9/2013 @ 11:24:42',NULL,NULL,'502A','Get All Applications'),
	(8549,-1,'gayan@wso2mobile.com',78,'\"hi\"','P','17/9/2013 @ 11:24:42',NULL,NULL,'500A','Device Information'),
	(8550,-1,'gayan@wso2mobile.com',78,'\"hi\"','P','17/9/2013 @ 11:24:54',NULL,NULL,'502A','Get All Applications'),
	(8551,-1,'gayan@wso2mobile.com',78,'\"hi\"','P','17/9/2013 @ 11:24:54',NULL,NULL,'500A','Device Information'),
	(8552,-1,'gayan@wso2mobile.com',78,'\"hi\"','P','17/9/2013 @ 11:27:18',NULL,NULL,'500A','Device Information'),
	(8553,-1,'gayan@wso2mobile.com',78,'\"hi\"','P','17/9/2013 @ 11:27:18',NULL,NULL,'502A','Get All Applications'),
	(8554,-1,'gayan@wso2mobile.com',79,'\"hi\"','P','17/9/2013 @ 11:31:33',NULL,NULL,'500A','Device Information'),
	(8555,-1,'gayan@wso2mobile.com',79,'\"hi\"','P','17/9/2013 @ 11:31:34',NULL,NULL,'502A','Get All Applications'),
	(8556,-1,'gayan@wso2mobile.com',79,'\"hi\"','R','17/9/2013 @ 11:31:35','17/9/2013 @ 11:31:56','{\"totalupload\":\"130.24\",\"appdata\":\"[{},{},{},{},{},{},{},{},{},{},{},{},{},{},{\\\"package\\\":\\\"com.google.android.googlequicksearchbox\\\",\\\"download\\\":0.11,\\\"upload\\\":0.02,\\\"name\\\":\\\"Google Search\\\"},{},{},{},{},{\\\"package\\\":\\\"com.google.android.syncadapters.contacts\\\",\\\"download\\\":0.99,\\\"upload\\\":0.22,\\\"name\\\":\\\"Google Contacts Sync\\\"},{},{\\\"package\\\":\\\"com.google.android.gm\\\",\\\"download\\\":0.16,\\\"upload\\\":0.02,\\\"name\\\":\\\"Gmail\\\"},{},{},{\\\"package\\\":\\\"com.adaderana.tv.phone\\\",\\\"download\\\":0.02,\\\"upload\\\":0,\\\"name\\\":\\\"TV Derana\\\"},{},{},{},{},{},{\\\"package\\\":\\\"com.android.providers.media\\\",\\\"download\\\":22.8,\\\"upload\\\":0.03,\\\"name\\\":\\\"Media Storage\\\"},{},{},{},{\\\"package\\\":\\\"com.mdm\\\",\\\"download\\\":0.01,\\\"upload\\\":0.14,\\\"name\\\":\\\"WSO2 Agent\\\"},{},{},{},{\\\"package\\\":\\\"com.android.chrome\\\",\\\"download\\\":0.03,\\\"upload\\\":0,\\\"name\\\":\\\"Chrome\\\"},{},{},{\\\"package\\\":\\\"com.sonymobile.advancedwidget.topcontacts\\\",\\\"download\\\":0,\\\"upload\\\":0,\\\"name\\\":\\\"Top Contacts\\\"},{},{\\\"package\\\":\\\"com.android.browser\\\",\\\"download\\\":0.54,\\\"upload\\\":0.06,\\\"name\\\":\\\"Browser\\\"},{},{},{},{},{},{},{},{\\\"package\\\":\\\"com.sonyericsson.updatecenter\\\",\\\"download\\\":0,\\\"upload\\\":0,\\\"name\\\":\\\"Update Centre\\\"},{},{},{},{},{},{},{},{},{},{\\\"package\\\":\\\"com.google.android.talk\\\",\\\"download\\\":1.46,\\\"upload\\\":0.92,\\\"name\\\":\\\"Hangouts\\\"},{},{},{},{\\\"package\\\":\\\"com.sonyericsson.tvlauncher\\\",\\\"download\\\":0,\\\"upload\\\":0,\\\"name\\\":\\\"TV launcher\\\"},{},{},{},{},{},{},{},{},{},{},{},{},{},{},{},{},{},{},{},{},{},{},{},{},{},{},{\\\"package\\\":\\\"com.sonyericsson.album\\\",\\\"download\\\":0.03,\\\"upload\\\":0.04,\\\"name\\\":\\\"Album\\\"},{},{},{},{},{},{},{},{},{\\\"package\\\":\\\"com.android.vending\\\",\\\"download\\\":1.57,\\\"upload\\\":0.16,\\\"name\\\":\\\"Google Play Store\\\"},{},{},{},{},{},{},{},{},{},{},{},{},{},{},{},{},{},{},{},{},{},{},{},{},{},{},{},{},{},{},{},{},{},{},{},{},{},{},{},{},{\\\"package\\\":\\\"de.arvatomobile.sonyericsson.playnow.android\\\",\\\"download\\\":0,\\\"upload\\\":0,\\\"name\\\":\\\"PlayNow™\\\"},{},{},{},{},{},{},{},{},{},{},{},{},{},{},{},{},{},{},{\\\"package\\\":\\\"com.google.android.youtube\\\",\\\"download\\\":0.35,\\\"upload\\\":0.05,\\\"name\\\":\\\"YouTube\\\"},{\\\"package\\\":\\\"com.skype.raider\\\",\\\"download\\\":0.02,\\\"upload\\\":0.01,\\\"name\\\":\\\"Skype\\\"},{},{},{},{},{},{},{},{},{\\\"package\\\":\\\"com.facebook.katana\\\",\\\"download\\\":9.74,\\\"upload\\\":2.07,\\\"name\\\":\\\"Facebook\\\"},{},{},{},{\\\"package\\\":\\\"com.sonymobile.superstamina\\\",\\\"download\\\":0,\\\"upload\\\":0,\\\"name\\\":\\\"Eco mode controller\\\"},{},{},{},{},{},{},{},{},{},{},{},{},{},{},{},{},{},{}]\",\"totaldownload\":\"39.15\"}','516A','Track Data Usage'),
	(8557,-1,'gayan@wso2mobile.com',79,'\"hi\"','P','17/9/2013 @ 11:36:0',NULL,NULL,'500A','Device Information'),
	(8558,-1,'gayan@wso2mobile.com',79,'\"hi\"','P','17/9/2013 @ 11:36:0',NULL,NULL,'502A','Get All Applications'),
	(8559,-1,'gayan@wso2mobile.com',79,'\"hi\"','R','17/9/2013 @ 11:36:24','17/9/2013 @ 11:38:42','{\"internal_memory\":{\"total\":1.97,\"available\":1.21},\"location_obj\":{\"longitude\":0,\"latitude\":0},\"external_memory\":{\"total\":11.26,\"available\":10.45},\"operator\":[\"Mobitel\"],\"battery\":{\"level\":93}}','500A','Device Information'),
	(8560,-1,'gayan@wso2mobile.com',79,'\"hi\"','P','17/9/2013 @ 11:36:24',NULL,NULL,'502A','Get All Applications'),
	(8561,1,'Admin',70,'{\"type\" : \"Enterprise\", \"identity\" : \"http://localhost:9763/upload/7GFugMDMAgent1-1.0.apk\"}','D','17/9/2013 @ 12:7:25',NULL,NULL,'509A','Install Application'),
	(8562,1,'Admin',70,'{\"type\" : \"Enterprise\", \"identity\" : \"http://localhost:9763/upload/7GFugMDMAgent1-1.0.apk\"}','D','17/9/2013 @ 12:9:32',NULL,NULL,'509A','Install Application'),
	(8563,1,'Admin',70,'{\"type\" : \"Enterprise\", \"identity\" : \"http://localhost:9763/upload/CwwnoMDMAgent1-1.0.apk\"}','D','18/9/2013 @ 18:25:4',NULL,NULL,'509A','Install Application'),
	(8564,1,'Admin',70,'{\"type\" : \"Enterprise\", \"identity\" : \"http://localhost:9763/upload/CwwnoMDMAgent1-1.0.apk\"}','P','18/9/2013 @ 18:25:40',NULL,NULL,'509A','Install Application'),
	(8565,-1,'kasund@wso2.com',75,'\"hi\"','R','3/10/2013 @ 11:12:14','3/10/2013 @ 11:12:16','{\"internal_memory\":{\"total\":8.92,\"available\":2.07},\"location_obj\":{\"longitude\":0,\"latitude\":0},\"external_memory\":{\"total\":8.9,\"available\":2.05},\"operator\":[\"Dialog\"],\"battery\":{\"level\":77}}','500A','Device Information'),
	(8566,-1,'kasund@wso2.com',75,'\"hi\"','R','3/10/2013 @ 11:12:16','3/10/2013 @ 11:12:19','[{\"package\":\"air.com.playplus.canimalMatch3VS\",\"icon\":\"\",\"name\":\"Match3VS\"},{\"package\":\"an.sc.sja\",\"icon\":\"\",\"name\":\"St John Ambulance App\"},{\"package\":\"android\",\"icon\":\"\",\"name\":\"Android System\"},{\"package\":\"android.googleSearch.googleSearchWidget\",\"icon\":\"\",\"name\":\"Google Search\"},{\"package\":\"bbc.mobile.news.ww\",\"icon\":\"\",\"name\":\"BBC News\"},{\"package\":\"br.com.rodrigokolb.tabla\",\"icon\":\"\",\"name\":\"Tabla\"},{\"package\":\"com.LocalFota\",\"icon\":\"\",\"name\":\"LocalFOTA\"},{\"package\":\"com.a321apps.mycadre\",\"icon\":\"\",\"name\":\"myCadre\"},{\"package\":\"com.a321apps.mycadrefortablet\",\"icon\":\"\",\"name\":\"MyCadreForTablet\"},{\"package\":\"com.activities.tagyours\",\"icon\":\"\",\"name\":\"TagYours\"}]','502A','Get All Applications'),
	(8567,-1,'kasund@wso2.com',75,'\"hi\"','R','3/10/2013 @ 11:12:16','3/10/2013 @ 11:12:21','{\"totalupload\":\"2.52\",\"appdata\":\"[{},{},{},{},{},{},{},{},{\\\"package\\\":\\\"com.android.providers.media\\\",\\\"download\\\":0.17,\\\"upload\\\":0,\\\"name\\\":\\\"Media Storage\\\"},{},{},{},{},{},{},{},{},{},{},{},{},{},{\\\"package\\\":\\\"com.android.chrome\\\",\\\"download\\\":1.72,\\\"upload\\\":0.17,\\\"name\\\":\\\"Chrome\\\"},{},{},{},{},{},{},{},{},{},{},{},{},{},{},{},{},{},{},{},{},{},{},{},{},{},{},{},{},{},{},{\\\"package\\\":\\\"com.android.vending\\\",\\\"download\\\":0.02,\\\"upload\\\":0.01,\\\"name\\\":\\\"Google Play Store\\\"},{},{},{\\\"package\\\":\\\"com.google.android.apps.plus\\\",\\\"download\\\":0.01,\\\"upload\\\":0.01,\\\"name\\\":\\\"Google \\\"},{},{},{},{},{},{},{},{},{},{},{},{},{},{},{},{},{},{},{},{},{},{},{},{},{},{},{},{},{},{},{},{},{},{},{\\\"package\\\":\\\"com.google.android.syncadapters.contacts\\\",\\\"download\\\":0.04,\\\"upload\\\":0.01,\\\"name\\\":\\\"Google Contacts Sync\\\"},{},{},{},{},{},{},{},{},{},{},{},{},{},{\\\"package\\\":\\\"com.google.android.gm\\\",\\\"download\\\":0.04,\\\"upload\\\":0.03,\\\"name\\\":\\\"Gmail\\\"},{},{},{},{},{},{},{},{},{},{},{},{},{},{},{},{},{},{},{},{},{},{},{},{},{},{},{},{},{},{},{},{},{},{},{},{},{},{},{},{},{},{},{},{},{},{},{},{},{},{},{},{},{},{},{},{},{},{},{},{},{},{},{},{},{},{},{},{},{},{\\\"package\\\":\\\"com.sec.spp.push\\\",\\\"download\\\":0.01,\\\"upload\\\":0,\\\"name\\\":\\\"Samsung Push Service\\\"},{},{},{},{},{},{},{},{},{},{},{},{},{},{},{},{\\\"package\\\":\\\"com.twitter.android\\\",\\\"download\\\":0.01,\\\"upload\\\":0,\\\"name\\\":\\\"Twitter\\\"},{},{\\\"package\\\":\\\"com.codingcaveman.SoloTrial\\\",\\\"download\\\":0,\\\"upload\\\":0,\\\"name\\\":\\\"Solo Lite\\\"},{},{},{},{},{\\\"package\\\":\\\"com.dailymotion.dailymotion\\\",\\\"download\\\":0.04,\\\"upload\\\":0.01,\\\"name\\\":\\\"Dailymotion\\\"},{},{},{},{},{},{},{},{},{},{},{},{},{\\\"package\\\":\\\"com.viber.voip\\\",\\\"download\\\":0,\\\"upload\\\":0,\\\"name\\\":\\\"Viber\\\"},{},{},{},{},{},{},{},{},{},{},{},{},{},{},{},{},{},{},{},{\\\"package\\\":\\\"com.google.android.youtube\\\",\\\"download\\\":0,\\\"upload\\\":0,\\\"name\\\":\\\"YouTube\\\"},{\\\"package\\\":\\\"com.sec.android.sCloudSyncSNote\\\",\\\"download\\\":0.01,\\\"upload\\\":0,\\\"name\\\":\\\"Samsung SNote SyncAdapter\\\"},{},{},{},{},{},{},{\\\"package\\\":\\\"com.facebook.katana\\\",\\\"download\\\":0.1,\\\"upload\\\":0.07,\\\"name\\\":\\\"Facebook\\\"},{\\\"package\\\":\\\"com.joelapenna.foursquared\\\",\\\"download\\\":0.01,\\\"upload\\\":0,\\\"name\\\":\\\"Foursquare\\\"},{},{},{\\\"package\\\":\\\"com.cleanmaster.mguard\\\",\\\"download\\\":0,\\\"upload\\\":0,\\\"name\\\":\\\"Clean Master\\\"},{},{},{},{},{},{\\\"package\\\":\\\"com.wso2.wso2mobilevault\\\",\\\"download\\\":0,\\\"upload\\\":0,\\\"name\\\":\\\"WSO2Mobile Vault\\\"},{},{},{},{},{},{\\\"package\\\":\\\"com.gau.go.launcherex.gowidget.taskmanagerex\\\",\\\"download\\\":0,\\\"upload\\\":0,\\\"name\\\":\\\"GO TaskManager EX\\\"},{},{},{\\\"package\\\":\\\"com.outlook.Z7\\\",\\\"download\\\":0,\\\"upload\\\":0.01,\\\"name\\\":\\\"Outlook.com\\\"},{},{},{},{},{},{\\\"package\\\":\\\"com.yahoo.mobile.client.android.mail\\\",\\\"download\\\":0.03,\\\"upload\\\":0.01,\\\"name\\\":\\\"Y! Mail\\\"},{},{},{},{},{},{},{\\\"package\\\":\\\"com.wssyncmldm\\\",\\\"download\\\":0.01,\\\"upload\\\":0,\\\"name\\\":\\\"Software update\\\"},{}]\",\"totaldownload\":\"0.64\"}','516A','Track Data Usage'),
	(8568,-1,'kasund@wso2.com',76,'\"hi\"','P','3/10/2013 @ 11:16:7',NULL,NULL,'500A','Device Information'),
	(8569,-1,'kasund@wso2.com',76,'\"hi\"','P','3/10/2013 @ 11:16:9',NULL,NULL,'502A','Get All Applications'),
	(8570,-1,'kasund@wso2.com',76,'\"hi\"','P','3/10/2013 @ 11:16:9',NULL,NULL,'516A','Track Data Usage'),
	(8571,-1,'kasund@wso2.com',77,'\"hi\"','R','3/10/2013 @ 12:43:5','3/10/2013 @ 12:43:8','{\"internal_memory\":{\"total\":8.92,\"available\":2.07},\"location_obj\":{\"longitude\":79.8524958,\"latitude\":6.9098145},\"external_memory\":{\"total\":8.9,\"available\":2.05},\"operator\":[\"Dialog\"],\"battery\":{\"level\":62}}','500A','Device Information'),
	(8572,-1,'kasund@wso2.com',77,'\"hi\"','R','3/10/2013 @ 12:43:7','3/10/2013 @ 12:43:10','[{\"package\":\"air.com.playplus.canimalMatch3VS\",\"icon\":\"\",\"name\":\"Match3VS\"},{\"package\":\"an.sc.sja\",\"icon\":\"\",\"name\":\"St John Ambulance App\"},{\"package\":\"android\",\"icon\":\"\",\"name\":\"Android System\"},{\"package\":\"android.googleSearch.googleSearchWidget\",\"icon\":\"\",\"name\":\"Google Search\"},{\"package\":\"bbc.mobile.news.ww\",\"icon\":\"\",\"name\":\"BBC News\"},{\"package\":\"br.com.rodrigokolb.tabla\",\"icon\":\"\",\"name\":\"Tabla\"},{\"package\":\"com.LocalFota\",\"icon\":\"\",\"name\":\"LocalFOTA\"},{\"package\":\"com.a321apps.mycadre\",\"icon\":\"\",\"name\":\"myCadre\"},{\"package\":\"com.a321apps.mycadrefortablet\",\"icon\":\"\",\"name\":\"MyCadreForTablet\"},{\"package\":\"com.activities.tagyours\",\"icon\":\"\",\"name\":\"TagYours\"}]','502A','Get All Applications'),
	(8573,-1,'kasund@wso2.com',77,'\"hi\"','R','3/10/2013 @ 12:43:7','3/10/2013 @ 12:43:11','{\"totalupload\":\"5.29\",\"appdata\":\"[{},{},{},{},{},{},{},{},{\\\"package\\\":\\\"com.android.providers.media\\\",\\\"download\\\":0.18,\\\"upload\\\":0.01,\\\"name\\\":\\\"Media Storage\\\"},{},{},{},{},{},{},{},{},{},{},{},{},{},{\\\"package\\\":\\\"com.android.chrome\\\",\\\"download\\\":1.72,\\\"upload\\\":0.17,\\\"name\\\":\\\"Chrome\\\"},{},{},{},{},{},{},{},{},{},{},{},{},{},{},{},{},{},{},{},{},{},{},{},{},{},{},{},{},{},{},{\\\"package\\\":\\\"com.android.vending\\\",\\\"download\\\":0.07,\\\"upload\\\":0.05,\\\"name\\\":\\\"Google Play Store\\\"},{},{},{\\\"package\\\":\\\"com.google.android.apps.plus\\\",\\\"download\\\":0.1,\\\"upload\\\":0.02,\\\"name\\\":\\\"Google \\\"},{},{},{},{},{},{},{},{},{},{},{},{},{},{},{},{},{},{},{},{},{},{},{},{},{},{},{},{},{},{},{},{},{},{},{\\\"package\\\":\\\"com.google.android.syncadapters.contacts\\\",\\\"download\\\":0.15,\\\"upload\\\":0.05,\\\"name\\\":\\\"Google Contacts Sync\\\"},{},{},{},{},{},{},{},{},{},{},{},{},{},{\\\"package\\\":\\\"com.google.android.gm\\\",\\\"download\\\":0.07,\\\"upload\\\":0.04,\\\"name\\\":\\\"Gmail\\\"},{},{},{},{},{},{},{},{},{},{},{},{},{},{},{},{},{},{},{},{},{},{\\\"package\\\":\\\"com.google.android.googlequicksearchbox\\\",\\\"download\\\":0.01,\\\"upload\\\":0,\\\"name\\\":\\\"Google Search\\\"},{},{},{},{},{},{},{},{},{},{},{},{},{},{},{},{},{},{},{},{},{},{},{},{},{},{},{},{},{},{},{},{},{},{},{},{},{},{},{},{},{},{},{},{},{},{},{},{\\\"package\\\":\\\"com.sec.spp.push\\\",\\\"download\\\":0.03,\\\"upload\\\":0.01,\\\"name\\\":\\\"Samsung Push Service\\\"},{},{},{},{},{},{},{},{},{},{},{},{},{},{},{},{\\\"package\\\":\\\"com.twitter.android\\\",\\\"download\\\":0.01,\\\"upload\\\":0,\\\"name\\\":\\\"Twitter\\\"},{},{\\\"package\\\":\\\"com.codingcaveman.SoloTrial\\\",\\\"download\\\":0,\\\"upload\\\":0,\\\"name\\\":\\\"Solo Lite\\\"},{},{},{},{},{\\\"package\\\":\\\"com.dailymotion.dailymotion\\\",\\\"download\\\":0.06,\\\"upload\\\":0.01,\\\"name\\\":\\\"Dailymotion\\\"},{},{},{},{},{},{},{},{},{},{},{},{},{\\\"package\\\":\\\"com.viber.voip\\\",\\\"download\\\":0,\\\"upload\\\":0,\\\"name\\\":\\\"Viber\\\"},{},{},{},{},{},{},{},{},{},{},{},{},{},{},{},{},{},{},{},{\\\"package\\\":\\\"com.google.android.youtube\\\",\\\"download\\\":0,\\\"upload\\\":0,\\\"name\\\":\\\"YouTube\\\"},{\\\"package\\\":\\\"com.sec.android.sCloudSyncSNote\\\",\\\"download\\\":0.02,\\\"upload\\\":0,\\\"name\\\":\\\"Samsung SNote SyncAdapter\\\"},{},{},{},{},{},{},{\\\"package\\\":\\\"com.facebook.katana\\\",\\\"download\\\":0.2,\\\"upload\\\":0.12,\\\"name\\\":\\\"Facebook\\\"},{\\\"package\\\":\\\"com.joelapenna.foursquared\\\",\\\"download\\\":0.01,\\\"upload\\\":0,\\\"name\\\":\\\"Foursquare\\\"},{},{},{\\\"package\\\":\\\"com.cleanmaster.mguard\\\",\\\"download\\\":0,\\\"upload\\\":0,\\\"name\\\":\\\"Clean Master\\\"},{},{},{},{},{},{\\\"package\\\":\\\"com.wso2.wso2mobilevault\\\",\\\"download\\\":0,\\\"upload\\\":0.01,\\\"name\\\":\\\"WSO2Mobile Vault\\\"},{},{},{},{},{},{\\\"package\\\":\\\"com.gau.go.launcherex.gowidget.taskmanagerex\\\",\\\"download\\\":0,\\\"upload\\\":0,\\\"name\\\":\\\"GO TaskManager EX\\\"},{},{},{\\\"package\\\":\\\"com.outlook.Z7\\\",\\\"download\\\":0,\\\"upload\\\":0.01,\\\"name\\\":\\\"Outlook.com\\\"},{},{},{},{},{},{\\\"package\\\":\\\"com.yahoo.mobile.client.android.mail\\\",\\\"download\\\":0.04,\\\"upload\\\":0.01,\\\"name\\\":\\\"Y! Mail\\\"},{},{},{},{},{},{},{\\\"package\\\":\\\"com.wssyncmldm\\\",\\\"download\\\":0.01,\\\"upload\\\":0.01,\\\"name\\\":\\\"Software update\\\"},{}]\",\"totaldownload\":\"0.97\"}','516A','Track Data Usage'),
	(8574,-1,'kasund',78,'\"hi\"','P','3/10/2013 @ 12:47:49',NULL,NULL,'500A','Device Information'),
	(8575,-1,'kasund',78,'\"hi\"','P','3/10/2013 @ 12:47:50',NULL,NULL,'502A','Get All Applications'),
	(8576,-1,'kasund',78,'\"hi\"','P','3/10/2013 @ 12:47:50',NULL,NULL,'516A','Track Data Usage'),
	(8577,-1,'kasund',79,'\"hi\"','R','3/10/2013 @ 13:11:28','3/10/2013 @ 13:11:30','{\"internal_memory\":{\"total\":8.92,\"available\":2.06},\"location_obj\":{\"longitude\":79.8524955,\"latitude\":6.9098145},\"external_memory\":{\"total\":8.9,\"available\":2.05},\"operator\":[\"Dialog\"],\"battery\":{\"level\":61}}','500A','Device Information'),
	(8578,-1,'kasund',79,'\"hi\"','R','3/10/2013 @ 13:11:29','3/10/2013 @ 13:11:31','[{\"package\":\"air.com.playplus.canimalMatch3VS\",\"icon\":\"\",\"name\":\"Match3VS\"},{\"package\":\"an.sc.sja\",\"icon\":\"\",\"name\":\"St John Ambulance App\"},{\"package\":\"android\",\"icon\":\"\",\"name\":\"Android System\"},{\"package\":\"android.googleSearch.googleSearchWidget\",\"icon\":\"\",\"name\":\"Google Search\"},{\"package\":\"bbc.mobile.news.ww\",\"icon\":\"\",\"name\":\"BBC News\"},{\"package\":\"br.com.rodrigokolb.tabla\",\"icon\":\"\",\"name\":\"Tabla\"},{\"package\":\"com.LocalFota\",\"icon\":\"\",\"name\":\"LocalFOTA\"},{\"package\":\"com.a321apps.mycadre\",\"icon\":\"\",\"name\":\"myCadre\"},{\"package\":\"com.a321apps.mycadrefortablet\",\"icon\":\"\",\"name\":\"MyCadreForTablet\"},{\"package\":\"com.activities.tagyours\",\"icon\":\"\",\"name\":\"TagYours\"}]','502A','Get All Applications'),
	(8579,-1,'kasund',79,'\"hi\"','R','3/10/2013 @ 13:11:30','3/10/2013 @ 13:11:34','{\"totalupload\":\"8.08\",\"appdata\":\"[{},{},{},{},{},{},{},{},{\\\"package\\\":\\\"com.android.providers.media\\\",\\\"download\\\":0.18,\\\"upload\\\":0.01,\\\"name\\\":\\\"Media Storage\\\"},{},{},{},{},{},{},{},{},{},{},{},{},{},{\\\"package\\\":\\\"com.android.chrome\\\",\\\"download\\\":1.72,\\\"upload\\\":0.17,\\\"name\\\":\\\"Chrome\\\"},{},{},{},{},{},{},{},{},{},{},{},{},{},{},{},{},{},{},{},{},{},{},{},{},{},{},{},{},{},{},{\\\"package\\\":\\\"com.android.vending\\\",\\\"download\\\":0.09,\\\"upload\\\":0.07,\\\"name\\\":\\\"Google Play Store\\\"},{},{},{\\\"package\\\":\\\"com.google.android.apps.plus\\\",\\\"download\\\":0.13,\\\"upload\\\":0.03,\\\"name\\\":\\\"Google \\\"},{},{},{},{},{},{},{},{},{},{},{},{},{},{},{},{},{},{},{},{},{},{},{},{},{},{},{},{},{},{},{},{},{},{},{\\\"package\\\":\\\"com.google.android.syncadapters.contacts\\\",\\\"download\\\":0.19,\\\"upload\\\":0.07,\\\"name\\\":\\\"Google Contacts Sync\\\"},{},{},{},{},{},{},{},{},{},{},{},{},{},{\\\"package\\\":\\\"com.google.android.gm\\\",\\\"download\\\":0.11,\\\"upload\\\":0.06,\\\"name\\\":\\\"Gmail\\\"},{},{},{},{},{},{},{},{},{},{},{},{},{},{},{},{},{},{\\\"package\\\":\\\"com.sec.android.daemonapp\\\",\\\"download\\\":0.77,\\\"upload\\\":0.02,\\\"name\\\":\\\"Unified Daemon(EUR)\\\"},{},{},{},{\\\"package\\\":\\\"com.google.android.googlequicksearchbox\\\",\\\"download\\\":0.01,\\\"upload\\\":0,\\\"name\\\":\\\"Google Search\\\"},{},{},{},{},{},{},{},{},{},{},{},{},{\\\"package\\\":\\\"com.samsung.android.widgetapp.briefing4x2\\\",\\\"download\\\":0.01,\\\"upload\\\":0,\\\"name\\\":\\\"Briefing\\\"},{},{},{},{},{},{},{},{},{},{},{},{},{},{},{},{},{},{},{},{},{},{},{},{},{},{},{},{},{},{},{},{},{},{},{\\\"package\\\":\\\"com.sec.spp.push\\\",\\\"download\\\":0.04,\\\"upload\\\":0.01,\\\"name\\\":\\\"Samsung Push Service\\\"},{},{},{},{},{},{},{},{},{},{},{},{},{},{},{},{\\\"package\\\":\\\"com.twitter.android\\\",\\\"download\\\":0.01,\\\"upload\\\":0,\\\"name\\\":\\\"Twitter\\\"},{},{\\\"package\\\":\\\"com.codingcaveman.SoloTrial\\\",\\\"download\\\":0,\\\"upload\\\":0,\\\"name\\\":\\\"Solo Lite\\\"},{},{},{},{},{\\\"package\\\":\\\"com.dailymotion.dailymotion\\\",\\\"download\\\":0.08,\\\"upload\\\":0.02,\\\"name\\\":\\\"Dailymotion\\\"},{},{},{},{},{},{},{},{},{},{},{},{},{\\\"package\\\":\\\"com.viber.voip\\\",\\\"download\\\":0,\\\"upload\\\":0,\\\"name\\\":\\\"Viber\\\"},{},{},{},{},{},{},{},{},{},{},{},{},{},{},{},{},{},{},{},{\\\"package\\\":\\\"com.google.android.youtube\\\",\\\"download\\\":0,\\\"upload\\\":0,\\\"name\\\":\\\"YouTube\\\"},{\\\"package\\\":\\\"com.sec.android.sCloudSyncSNote\\\",\\\"download\\\":0.02,\\\"upload\\\":0,\\\"name\\\":\\\"Samsung SNote SyncAdapter\\\"},{},{},{},{},{},{},{\\\"package\\\":\\\"com.facebook.katana\\\",\\\"download\\\":0.26,\\\"upload\\\":0.15,\\\"name\\\":\\\"Facebook\\\"},{\\\"package\\\":\\\"com.joelapenna.foursquared\\\",\\\"download\\\":1.4,\\\"upload\\\":0.12,\\\"name\\\":\\\"Foursquare\\\"},{},{},{\\\"package\\\":\\\"com.cleanmaster.mguard\\\",\\\"download\\\":0,\\\"upload\\\":0,\\\"name\\\":\\\"Clean Master\\\"},{},{},{},{},{},{\\\"package\\\":\\\"com.wso2.wso2mobilevault\\\",\\\"download\\\":0.01,\\\"upload\\\":0.02,\\\"name\\\":\\\"WSO2Mobile Vault\\\"},{},{},{},{},{},{\\\"package\\\":\\\"com.gau.go.launcherex.gowidget.taskmanagerex\\\",\\\"download\\\":0,\\\"upload\\\":0,\\\"name\\\":\\\"GO TaskManager EX\\\"},{},{},{\\\"package\\\":\\\"com.outlook.Z7\\\",\\\"download\\\":0,\\\"upload\\\":0.01,\\\"name\\\":\\\"Outlook.com\\\"},{},{},{},{},{},{\\\"package\\\":\\\"com.yahoo.mobile.client.android.mail\\\",\\\"download\\\":0.04,\\\"upload\\\":0.02,\\\"name\\\":\\\"Y! Mail\\\"},{},{},{},{},{},{},{\\\"package\\\":\\\"com.wssyncmldm\\\",\\\"download\\\":0.01,\\\"upload\\\":0.01,\\\"name\\\":\\\"Software update\\\"},{}]\",\"totaldownload\":\"1.45\"}','516A','Track Data Usage'),
	(8580,-1,'kasund@wso2.com',80,'\"hi\"','R','3/10/2013 @ 13:17:1','3/10/2013 @ 13:17:3','{\"internal_memory\":{\"total\":8.92,\"available\":2.06},\"location_obj\":{\"longitude\":79.8525105,\"latitude\":6.9098255},\"external_memory\":{\"total\":8.9,\"available\":2.04},\"operator\":[\"Dialog\"],\"battery\":{\"level\":60.000003814697266}}','500A','Device Information'),
	(8581,-1,'kasund@wso2.com',80,'\"hi\"','R','3/10/2013 @ 13:17:2','3/10/2013 @ 13:17:4','[{\"package\":\"air.com.playplus.canimalMatch3VS\",\"icon\":\"\",\"name\":\"Match3VS\"},{\"package\":\"an.sc.sja\",\"icon\":\"\",\"name\":\"St John Ambulance App\"},{\"package\":\"android\",\"icon\":\"\",\"name\":\"Android System\"},{\"package\":\"android.googleSearch.googleSearchWidget\",\"icon\":\"\",\"name\":\"Google Search\"},{\"package\":\"bbc.mobile.news.ww\",\"icon\":\"\",\"name\":\"BBC News\"},{\"package\":\"br.com.rodrigokolb.tabla\",\"icon\":\"\",\"name\":\"Tabla\"},{\"package\":\"com.LocalFota\",\"icon\":\"\",\"name\":\"LocalFOTA\"},{\"package\":\"com.a321apps.mycadre\",\"icon\":\"\",\"name\":\"myCadre\"},{\"package\":\"com.a321apps.mycadrefortablet\",\"icon\":\"\",\"name\":\"MyCadreForTablet\"},{\"package\":\"com.activities.tagyours\",\"icon\":\"\",\"name\":\"TagYours\"}]','502A','Get All Applications'),
	(8582,-1,'kasund@wso2.com',80,'\"hi\"','R','3/10/2013 @ 13:17:3','3/10/2013 @ 13:17:7','{\"totalupload\":\"8.22\",\"appdata\":\"[{},{},{},{},{},{},{},{},{\\\"package\\\":\\\"com.android.providers.media\\\",\\\"download\\\":0.18,\\\"upload\\\":0.01,\\\"name\\\":\\\"Media Storage\\\"},{},{},{},{},{},{},{},{},{},{},{},{},{},{\\\"package\\\":\\\"com.android.chrome\\\",\\\"download\\\":1.72,\\\"upload\\\":0.17,\\\"name\\\":\\\"Chrome\\\"},{},{},{},{},{},{},{},{},{},{},{},{},{},{},{},{},{},{},{},{},{},{},{},{},{},{},{},{},{},{},{\\\"package\\\":\\\"com.android.vending\\\",\\\"download\\\":0.1,\\\"upload\\\":0.08,\\\"name\\\":\\\"Google Play Store\\\"},{},{},{\\\"package\\\":\\\"com.google.android.apps.plus\\\",\\\"download\\\":0.13,\\\"upload\\\":0.03,\\\"name\\\":\\\"Google \\\"},{},{},{},{},{},{},{},{},{},{},{},{},{},{},{},{},{},{},{},{},{},{},{},{},{},{},{},{},{},{},{},{},{},{},{\\\"package\\\":\\\"com.google.android.syncadapters.contacts\\\",\\\"download\\\":0.21,\\\"upload\\\":0.07,\\\"name\\\":\\\"Google Contacts Sync\\\"},{},{},{},{},{},{},{},{},{},{},{},{},{},{\\\"package\\\":\\\"com.google.android.gm\\\",\\\"download\\\":0.12,\\\"upload\\\":0.07,\\\"name\\\":\\\"Gmail\\\"},{},{},{},{},{},{},{},{},{},{},{},{},{},{},{},{},{},{\\\"package\\\":\\\"com.sec.android.daemonapp\\\",\\\"download\\\":0.77,\\\"upload\\\":0.02,\\\"name\\\":\\\"Unified Daemon(EUR)\\\"},{},{},{},{\\\"package\\\":\\\"com.google.android.googlequicksearchbox\\\",\\\"download\\\":0.01,\\\"upload\\\":0,\\\"name\\\":\\\"Google Search\\\"},{},{},{},{},{},{},{},{},{},{},{},{},{\\\"package\\\":\\\"com.samsung.android.widgetapp.briefing4x2\\\",\\\"download\\\":0.01,\\\"upload\\\":0,\\\"name\\\":\\\"Briefing\\\"},{},{},{},{},{},{},{},{},{},{},{},{},{},{},{},{},{},{},{},{},{},{},{},{},{},{},{},{},{},{},{},{},{},{},{\\\"package\\\":\\\"com.sec.spp.push\\\",\\\"download\\\":0.05,\\\"upload\\\":0.01,\\\"name\\\":\\\"Samsung Push Service\\\"},{},{},{},{},{},{},{},{},{},{},{},{},{},{},{},{\\\"package\\\":\\\"com.twitter.android\\\",\\\"download\\\":0.01,\\\"upload\\\":0,\\\"name\\\":\\\"Twitter\\\"},{},{\\\"package\\\":\\\"com.codingcaveman.SoloTrial\\\",\\\"download\\\":0,\\\"upload\\\":0,\\\"name\\\":\\\"Solo Lite\\\"},{},{},{},{},{\\\"package\\\":\\\"com.dailymotion.dailymotion\\\",\\\"download\\\":0.08,\\\"upload\\\":0.02,\\\"name\\\":\\\"Dailymotion\\\"},{},{},{},{},{},{},{},{},{},{},{},{},{\\\"package\\\":\\\"com.viber.voip\\\",\\\"download\\\":0,\\\"upload\\\":0.01,\\\"name\\\":\\\"Viber\\\"},{},{},{},{},{},{},{},{},{},{},{},{},{},{},{},{},{},{},{},{\\\"package\\\":\\\"com.google.android.youtube\\\",\\\"download\\\":0,\\\"upload\\\":0,\\\"name\\\":\\\"YouTube\\\"},{\\\"package\\\":\\\"com.sec.android.sCloudSyncSNote\\\",\\\"download\\\":0.02,\\\"upload\\\":0,\\\"name\\\":\\\"Samsung SNote SyncAdapter\\\"},{},{},{},{},{},{},{\\\"package\\\":\\\"com.facebook.katana\\\",\\\"download\\\":0.3,\\\"upload\\\":0.16,\\\"name\\\":\\\"Facebook\\\"},{\\\"package\\\":\\\"com.joelapenna.foursquared\\\",\\\"download\\\":1.4,\\\"upload\\\":0.12,\\\"name\\\":\\\"Foursquare\\\"},{},{},{\\\"package\\\":\\\"com.cleanmaster.mguard\\\",\\\"download\\\":0,\\\"upload\\\":0,\\\"name\\\":\\\"Clean Master\\\"},{},{},{},{},{},{\\\"package\\\":\\\"com.wso2.wso2mobilevault\\\",\\\"download\\\":0.01,\\\"upload\\\":0.03,\\\"name\\\":\\\"WSO2Mobile Vault\\\"},{},{},{},{},{},{\\\"package\\\":\\\"com.gau.go.launcherex.gowidget.taskmanagerex\\\",\\\"download\\\":0,\\\"upload\\\":0,\\\"name\\\":\\\"GO TaskManager EX\\\"},{},{},{\\\"package\\\":\\\"com.outlook.Z7\\\",\\\"download\\\":0,\\\"upload\\\":0.01,\\\"name\\\":\\\"Outlook.com\\\"},{},{},{},{},{},{\\\"package\\\":\\\"com.yahoo.mobile.client.android.mail\\\",\\\"download\\\":0.04,\\\"upload\\\":0.02,\\\"name\\\":\\\"Y! Mail\\\"},{},{},{},{},{},{},{\\\"package\\\":\\\"com.wssyncmldm\\\",\\\"download\\\":0.01,\\\"upload\\\":0.01,\\\"name\\\":\\\"Software update\\\"},{}]\",\"totaldownload\":\"1.52\"}','516A','Track Data Usage'),
	(8583,-1,'kasund@wso2.com',81,'\"hi\"','P','3/10/2013 @ 13:20:3',NULL,NULL,'500A','Device Information'),
	(8584,-1,'kasund@wso2.com',81,'\"hi\"','P','3/10/2013 @ 13:20:4',NULL,NULL,'502A','Get All Applications'),
	(8585,-1,'kasund@wso2.com',81,'\"hi\"','R','3/10/2013 @ 13:20:4','3/10/2013 @ 13:21:52','{\"totalupload\":\"8.4\",\"appdata\":\"[{},{},{},{},{},{},{},{},{\\\"package\\\":\\\"com.android.providers.media\\\",\\\"download\\\":0.18,\\\"upload\\\":0.01,\\\"name\\\":\\\"Media Storage\\\"},{},{},{},{},{},{},{},{},{},{},{},{},{},{\\\"package\\\":\\\"com.android.chrome\\\",\\\"download\\\":1.72,\\\"upload\\\":0.17,\\\"name\\\":\\\"Chrome\\\"},{},{},{},{},{},{},{},{},{},{},{},{},{},{},{},{},{},{},{},{},{},{},{},{},{},{},{},{},{},{},{\\\"package\\\":\\\"com.android.vending\\\",\\\"download\\\":0.1,\\\"upload\\\":0.08,\\\"name\\\":\\\"Google Play Store\\\"},{},{},{\\\"package\\\":\\\"com.google.android.apps.plus\\\",\\\"download\\\":0.13,\\\"upload\\\":0.03,\\\"name\\\":\\\"Google \\\"},{},{},{},{},{},{},{},{},{},{},{},{},{},{},{},{},{},{},{},{},{},{},{},{},{},{},{},{},{},{},{},{},{},{},{\\\"package\\\":\\\"com.google.android.syncadapters.contacts\\\",\\\"download\\\":0.23,\\\"upload\\\":0.08,\\\"name\\\":\\\"Google Contacts Sync\\\"},{},{},{},{},{},{},{},{},{},{},{},{},{},{\\\"package\\\":\\\"com.google.android.gm\\\",\\\"download\\\":0.12,\\\"upload\\\":0.07,\\\"name\\\":\\\"Gmail\\\"},{},{},{},{},{},{},{},{},{},{},{},{},{},{},{},{},{},{\\\"package\\\":\\\"com.sec.android.daemonapp\\\",\\\"download\\\":0.77,\\\"upload\\\":0.02,\\\"name\\\":\\\"Unified Daemon(EUR)\\\"},{},{},{},{\\\"package\\\":\\\"com.google.android.googlequicksearchbox\\\",\\\"download\\\":0.01,\\\"upload\\\":0,\\\"name\\\":\\\"Google Search\\\"},{},{},{},{},{},{},{},{},{},{},{},{},{\\\"package\\\":\\\"com.samsung.android.widgetapp.briefing4x2\\\",\\\"download\\\":0.01,\\\"upload\\\":0,\\\"name\\\":\\\"Briefing\\\"},{},{},{},{},{},{},{},{},{},{},{},{},{},{},{},{},{},{},{},{},{},{},{},{},{},{},{},{},{},{},{},{},{},{},{\\\"package\\\":\\\"com.sec.spp.push\\\",\\\"download\\\":0.05,\\\"upload\\\":0.01,\\\"name\\\":\\\"Samsung Push Service\\\"},{},{},{},{},{},{},{},{},{},{},{},{},{},{},{},{\\\"package\\\":\\\"com.twitter.android\\\",\\\"download\\\":0.01,\\\"upload\\\":0,\\\"name\\\":\\\"Twitter\\\"},{},{\\\"package\\\":\\\"com.codingcaveman.SoloTrial\\\",\\\"download\\\":0,\\\"upload\\\":0,\\\"name\\\":\\\"Solo Lite\\\"},{},{},{},{},{\\\"package\\\":\\\"com.dailymotion.dailymotion\\\",\\\"download\\\":0.08,\\\"upload\\\":0.02,\\\"name\\\":\\\"Dailymotion\\\"},{},{},{},{},{},{},{},{},{},{},{},{},{\\\"package\\\":\\\"com.viber.voip\\\",\\\"download\\\":0,\\\"upload\\\":0.01,\\\"name\\\":\\\"Viber\\\"},{},{},{},{},{},{},{},{},{},{},{},{},{},{},{},{},{},{},{},{\\\"package\\\":\\\"com.google.android.youtube\\\",\\\"download\\\":0,\\\"upload\\\":0,\\\"name\\\":\\\"YouTube\\\"},{\\\"package\\\":\\\"com.sec.android.sCloudSyncSNote\\\",\\\"download\\\":0.02,\\\"upload\\\":0,\\\"name\\\":\\\"Samsung SNote SyncAdapter\\\"},{},{},{},{},{},{},{\\\"package\\\":\\\"com.facebook.katana\\\",\\\"download\\\":0.38,\\\"upload\\\":0.23,\\\"name\\\":\\\"Facebook\\\"},{\\\"package\\\":\\\"com.joelapenna.foursquared\\\",\\\"download\\\":1.4,\\\"upload\\\":0.12,\\\"name\\\":\\\"Foursquare\\\"},{},{},{\\\"package\\\":\\\"com.cleanmaster.mguard\\\",\\\"download\\\":0,\\\"upload\\\":0,\\\"name\\\":\\\"Clean Master\\\"},{},{},{},{},{},{\\\"package\\\":\\\"com.wso2.wso2mobilevault\\\",\\\"download\\\":0.01,\\\"upload\\\":0.04,\\\"name\\\":\\\"WSO2Mobile Vault\\\"},{},{},{},{},{},{\\\"package\\\":\\\"com.gau.go.launcherex.gowidget.taskmanagerex\\\",\\\"download\\\":0,\\\"upload\\\":0,\\\"name\\\":\\\"GO TaskManager EX\\\"},{},{},{\\\"package\\\":\\\"com.outlook.Z7\\\",\\\"download\\\":0,\\\"upload\\\":0.01,\\\"name\\\":\\\"Outlook.com\\\"},{},{},{},{},{},{\\\"package\\\":\\\"com.yahoo.mobile.client.android.mail\\\",\\\"download\\\":0.04,\\\"upload\\\":0.02,\\\"name\\\":\\\"Y! Mail\\\"},{},{},{},{},{},{},{\\\"package\\\":\\\"com.wssyncmldm\\\",\\\"download\\\":0.01,\\\"upload\\\":0.01,\\\"name\\\":\\\"Software update\\\"},{}]\",\"totaldownload\":\"1.65\"}','516A','Track Data Usage'),
	(8586,-1,'kasund@wso2.com',81,'{}','P','3/10/2013 @ 14:6:6',NULL,NULL,'503A','Device Lock'),
	(8587,-1,'kasund@wso2.com',81,'{}','P','3/10/2013 @ 14:6:7',NULL,NULL,'503A','Device Lock'),
	(8588,-1,'kasund@wso2.com',81,'{}','R','3/10/2013 @ 14:15:37','3/10/2013 @ 14:15:41','null','503A','Device Lock'),
	(8589,-1,'kasund@wso2.com',82,'\"hi\"','P','3/10/2013 @ 15:43:13',NULL,NULL,'500A','Device Information'),
	(8590,-1,'kasund@wso2.com',82,'\"hi\"','P','3/10/2013 @ 15:43:15',NULL,NULL,'502A','Get All Applications'),
	(8591,-1,'kasund@wso2.com',82,'\"hi\"','P','3/10/2013 @ 15:43:15',NULL,NULL,'516A','Track Data Usage'),
	(8592,-1,'kasund@wso2.com',82,'{}','R','3/10/2013 @ 15:43:34','3/10/2013 @ 15:44:58','null','503A','Device Lock'),
	(8593,-1,'dulitha@wso2.com',83,'\"hi\"','P','3/10/2013 @ 18:38:36',NULL,NULL,'500A','Device Information'),
	(8594,-1,'dulitha@wso2.com',83,'\"hi\"','P','3/10/2013 @ 18:38:37',NULL,NULL,'502A','Get All Applications'),
	(8595,-1,'dulitha@wso2.com',83,'\"hi\"','R','3/10/2013 @ 18:38:38','3/10/2013 @ 18:40:17','{\"totalupload\":\"29.1\",\"appdata\":\"[{},{},{},{},{},{},{},{},{\\\"package\\\":\\\"com.android.providers.media\\\",\\\"download\\\":10.68,\\\"upload\\\":0.01,\\\"name\\\":\\\"Media Storage\\\"},{},{},{},{},{},{},{},{},{},{},{},{},{},{\\\"package\\\":\\\"com.android.chrome\\\",\\\"download\\\":1.72,\\\"upload\\\":0.17,\\\"name\\\":\\\"Chrome\\\"},{},{},{},{},{},{},{},{},{},{},{},{},{},{},{},{},{},{},{},{},{},{},{},{\\\"package\\\":\\\"com.sec.android.widgetapp.ap.hero.accuweather\\\",\\\"download\\\":0.03,\\\"upload\\\":0,\\\"name\\\":\\\"Weather Widget\\\"},{},{},{},{},{},{},{\\\"package\\\":\\\"com.android.vending\\\",\\\"download\\\":0.42,\\\"upload\\\":0.31,\\\"name\\\":\\\"Google Play Store\\\"},{},{},{\\\"package\\\":\\\"com.google.android.apps.plus\\\",\\\"download\\\":0.19,\\\"upload\\\":0.05,\\\"name\\\":\\\"Google \\\"},{},{},{},{},{},{},{\\\"package\\\":\\\"tv.peel.samsung.app\\\",\\\"download\\\":0,\\\"upload\\\":0,\\\"name\\\":\\\"Samsung WatchON\\\"},{},{},{},{},{},{},{},{},{},{},{},{},{},{},{},{},{},{},{},{},{},{},{},{},{},{},{},{\\\"package\\\":\\\"com.google.android.syncadapters.contacts\\\",\\\"download\\\":0.49,\\\"upload\\\":0.19,\\\"name\\\":\\\"Google Contacts Sync\\\"},{},{},{},{},{},{},{},{},{\\\"package\\\":\\\"com.sec.android.fotaclient\\\",\\\"download\\\":0,\\\"upload\\\":0,\\\"name\\\":\\\"Software update\\\"},{},{},{},{},{\\\"package\\\":\\\"com.google.android.gm\\\",\\\"download\\\":0.25,\\\"upload\\\":0.12,\\\"name\\\":\\\"Gmail\\\"},{},{},{},{},{},{},{},{\\\"package\\\":\\\"flipboard.app\\\",\\\"download\\\":3.28,\\\"upload\\\":0.07,\\\"name\\\":\\\"Flipboard\\\"},{},{},{},{},{},{},{},{},{},{\\\"package\\\":\\\"com.sec.android.daemonapp\\\",\\\"download\\\":0.77,\\\"upload\\\":0.02,\\\"name\\\":\\\"Unified Daemon(EUR)\\\"},{},{},{},{\\\"package\\\":\\\"com.google.android.googlequicksearchbox\\\",\\\"download\\\":0.03,\\\"upload\\\":0,\\\"name\\\":\\\"Google Search\\\"},{},{},{},{},{},{},{},{},{},{},{},{},{\\\"package\\\":\\\"com.samsung.android.widgetapp.briefing4x2\\\",\\\"download\\\":0.01,\\\"upload\\\":0,\\\"name\\\":\\\"Briefing\\\"},{},{},{},{},{},{},{},{},{},{},{},{},{},{},{},{},{},{},{},{},{},{},{},{},{},{},{},{},{},{},{},{},{},{},{\\\"package\\\":\\\"com.sec.spp.push\\\",\\\"download\\\":0.16,\\\"upload\\\":0.04,\\\"name\\\":\\\"Samsung Push Service\\\"},{\\\"package\\\":\\\"com.sec.android.app.samsungapps\\\",\\\"download\\\":0,\\\"upload\\\":0,\\\"name\\\":\\\"Samsung Apps\\\"},{},{},{},{},{},{},{\\\"package\\\":\\\"com.antivirus\\\",\\\"download\\\":0.01,\\\"upload\\\":0.01,\\\"name\\\":\\\"AntiVirus\\\"},{},{},{},{},{},{},{},{\\\"package\\\":\\\"com.twitter.android\\\",\\\"download\\\":0.02,\\\"upload\\\":0,\\\"name\\\":\\\"Twitter\\\"},{},{\\\"package\\\":\\\"com.codingcaveman.SoloTrial\\\",\\\"download\\\":0.01,\\\"upload\\\":0,\\\"name\\\":\\\"Solo Lite\\\"},{},{},{},{},{\\\"package\\\":\\\"com.dailymotion.dailymotion\\\",\\\"download\\\":0.19,\\\"upload\\\":0.04,\\\"name\\\":\\\"Dailymotion\\\"},{},{},{},{},{},{},{},{},{},{},{},{},{\\\"package\\\":\\\"com.viber.voip\\\",\\\"download\\\":0.01,\\\"upload\\\":0.01,\\\"name\\\":\\\"Viber\\\"},{},{},{},{},{},{},{},{},{},{},{},{},{},{},{},{},{},{},{},{\\\"package\\\":\\\"com.google.android.youtube\\\",\\\"download\\\":0,\\\"upload\\\":0,\\\"name\\\":\\\"YouTube\\\"},{\\\"package\\\":\\\"com.sec.android.sCloudSyncSNote\\\",\\\"download\\\":0.02,\\\"upload\\\":0,\\\"name\\\":\\\"Samsung SNote SyncAdapter\\\"},{},{},{},{},{},{},{\\\"package\\\":\\\"com.facebook.katana\\\",\\\"download\\\":1.18,\\\"upload\\\":0.73,\\\"name\\\":\\\"Facebook\\\"},{\\\"package\\\":\\\"com.joelapenna.foursquared\\\",\\\"download\\\":1.82,\\\"upload\\\":0.17,\\\"name\\\":\\\"Foursquare\\\"},{},{},{\\\"package\\\":\\\"com.cleanmaster.mguard\\\",\\\"download\\\":0.01,\\\"upload\\\":0,\\\"name\\\":\\\"Clean Master\\\"},{},{},{},{},{},{\\\"package\\\":\\\"com.wso2.wso2mobilevault\\\",\\\"download\\\":1.05,\\\"upload\\\":0.08,\\\"name\\\":\\\"WSO2Mobile Vault\\\"},{},{},{},{},{},{\\\"package\\\":\\\"com.gau.go.launcherex.gowidget.taskmanagerex\\\",\\\"download\\\":0,\\\"upload\\\":0.01,\\\"name\\\":\\\"GO TaskManager EX\\\"},{},{},{\\\"package\\\":\\\"com.outlook.Z7\\\",\\\"download\\\":0.01,\\\"upload\\\":0.03,\\\"name\\\":\\\"Outlook.com\\\"},{},{},{},{},{},{\\\"package\\\":\\\"com.yahoo.mobile.client.android.mail\\\",\\\"download\\\":0.09,\\\"upload\\\":0.04,\\\"name\\\":\\\"Y! Mail\\\"},{},{},{},{},{},{},{\\\"package\\\":\\\"com.wssyncmldm\\\",\\\"download\\\":0.02,\\\"upload\\\":0.01,\\\"name\\\":\\\"Software update\\\"},{}]\",\"totaldownload\":\"4.03\"}','516A','Track Data Usage'),
	(8596,-1,'dulitha@wso2.com',84,'\"hi\"','P','3/10/2013 @ 18:55:6',NULL,NULL,'500A','Device Information'),
	(8597,-1,'dulitha@wso2.com',84,'\"hi\"','P','3/10/2013 @ 18:55:7',NULL,NULL,'502A','Get All Applications'),
	(8598,-1,'dulitha@wso2.com',84,'\"hi\"','R','3/10/2013 @ 18:55:8','3/10/2013 @ 18:57:20','{\"totalupload\":\"37.75\",\"appdata\":\"[{},{},{},{},{},{},{},{},{},{},{},{},{},{},{\\\"package\\\":\\\"com.google.android.googlequicksearchbox\\\",\\\"download\\\":0.16,\\\"upload\\\":0.06,\\\"name\\\":\\\"Google Search\\\"},{},{},{},{},{\\\"package\\\":\\\"com.google.android.syncadapters.contacts\\\",\\\"download\\\":0.4,\\\"upload\\\":0.1,\\\"name\\\":\\\"Google Contacts Sync\\\"},{},{},{},{},{},{},{},{},{},{},{\\\"package\\\":\\\"com.android.providers.media\\\",\\\"download\\\":30.14,\\\"upload\\\":0.01,\\\"name\\\":\\\"Media Storage\\\"},{},{},{},{\\\"package\\\":\\\"com.mdm\\\",\\\"download\\\":0,\\\"upload\\\":0.01,\\\"name\\\":\\\"WSO2 Agent\\\"},{},{},{},{\\\"package\\\":\\\"com.android.chrome\\\",\\\"download\\\":1.49,\\\"upload\\\":0.3,\\\"name\\\":\\\"Chrome\\\"},{},{},{},{},{},{},{},{},{},{},{},{},{\\\"package\\\":\\\"com.sonyericsson.updatecenter\\\",\\\"download\\\":0,\\\"upload\\\":0,\\\"name\\\":\\\"Update Centre\\\"},{},{},{},{},{},{},{},{},{},{\\\"package\\\":\\\"com.google.android.talk\\\",\\\"download\\\":0.6,\\\"upload\\\":0.14,\\\"name\\\":\\\"Hangouts\\\"},{},{},{},{},{},{},{},{},{},{},{},{},{},{},{},{},{},{},{},{},{},{},{},{},{},{},{},{},{},{},{},{},{},{},{},{},{},{},{},{\\\"package\\\":\\\"com.android.vending\\\",\\\"download\\\":0.07,\\\"upload\\\":0.21,\\\"name\\\":\\\"Google Play Store\\\"},{},{},{},{},{},{},{},{},{},{},{},{},{},{},{},{},{},{},{},{},{},{},{},{},{},{},{},{},{},{},{},{},{},{},{},{},{},{},{},{},{},{},{},{},{},{},{},{},{},{},{},{},{},{},{},{},{},{},{},{\\\"package\\\":\\\"com.google.android.youtube\\\",\\\"download\\\":0,\\\"upload\\\":0,\\\"name\\\":\\\"YouTube\\\"},{},{},{},{},{},{},{},{},{},{\\\"package\\\":\\\"com.facebook.katana\\\",\\\"download\\\":2.46,\\\"upload\\\":0.74,\\\"name\\\":\\\"Facebook\\\"},{},{},{},{\\\"package\\\":\\\"com.sonymobile.superstamina\\\",\\\"download\\\":0,\\\"upload\\\":0,\\\"name\\\":\\\"Eco mode controller\\\"},{},{},{},{},{},{},{},{},{},{},{},{},{},{},{},{},{},{}]\",\"totaldownload\":\"3.25\"}','516A','Track Data Usage'),
	(8599,-1,'dulitha@wso2.com',84,'{\"type\" : \"Enterprise\", \"identity\" : \"http://localhost:9763/upload/5gKBTMDMAgent1-1.0.apk\"}','R','4/10/2013 @ 13:33:31','4/10/2013 @ 13:34:17','null','509A','Install Application'),
	(8600,-1,'dulitha@wso2.com',84,'{}','R','4/10/2013 @ 13:35:4','4/10/2013 @ 13:35:6','null','503A','Device Lock'),
	(8601,-1,'dulitha@wso2.com',84,'{\"type\" : \"Enterprise\", \"identity\" : \"http://localhost:9763/upload/5gKBTMDMAgent1-1.0.apk\"}','R','4/10/2013 @ 13:35:18','4/10/2013 @ 13:35:19','null','509A','Install Application'),
	(8602,-1,'dulitha@wso2.com',83,'{\"type\" : \"Enterprise\", \"identity\" : \"http://localhost:9763/upload/5gKBTMDMAgent1-1.0.apk\"}','P','4/10/2013 @ 13:40:13',NULL,NULL,'509A','Install Application'),
	(8603,-1,'dulitha@wso2.com',83,'{\"type\" : \"Enterprise\", \"identity\" : \"http://localhost:9763/upload/nTkVqMDMAgent1-1.0.apk\"}','R','4/10/2013 @ 13:41:13','4/10/2013 @ 13:41:14','null','509A','Install Application'),
	(8604,-1,'dulitha@wso2.com',83,'{\"type\" : \"Enterprise\", \"identity\" : \"http://localhost:9763/upload/nTkVqMDMAgent1-1.0.apk\"}','R','4/10/2013 @ 13:42:0','4/10/2013 @ 13:42:2','null','509A','Install Application'),
	(8605,-1,'dulitha@wso2.com',83,'{}','R','4/10/2013 @ 13:43:6','4/10/2013 @ 13:43:7','null','503A','Device Lock'),
	(8606,-1,'dulitha@wso2.com',83,'{\"type\" : \"Enterprise\", \"identity\" : \"http://localhost:9763/upload/nTkVqMDMAgent1-1.0.apk\"}','R','4/10/2013 @ 13:43:21','4/10/2013 @ 13:43:22','null','509A','Install Application'),
	(8607,-1,'dulitha@wso2.com',83,'{\"type\" : \"Enterprise\", \"identity\" : \"http://localhost:9763/publisher/uploads/http://localhost:9763/upload/nTkVqMDMAgent1-1.0.apk\"}','P','4/10/2013 @ 13:48:9',NULL,NULL,'509A','Install Application'),
	(8608,-1,'dulitha@wso2.com',83,'{\"type\" : \"Enterprise\", \"identity\" : \"http://localhost:9763/publisher/uploads//upload/nTkVqMDMAgent1-1.0.apk\"}','P','4/10/2013 @ 13:49:37',NULL,NULL,'509A','Install Application'),
	(8609,-1,'dulitha@wso2.com',83,'{\"type\" : \"Enterprise\", \"identity\" : \"undefined/upload/nTkVqMDMAgent1-1.0.apk\"}','P','4/10/2013 @ 13:50:30',NULL,NULL,'509A','Install Application'),
	(8610,-1,'dulitha@wso2.com',83,'{\"type\" : \"Enterprise\", \"identity\" : \"http://localhost:9763/publisher/upload/nTkVqMDMAgent1-1.0.apk\"}','R','4/10/2013 @ 13:50:43','4/10/2013 @ 13:51:30','null','509A','Install Application'),
	(8611,-1,'dulitha@wso2.com',83,'{\"type\" : \"Enterprise\", \"identity\" : \"http://localhost:9763/publisher/upload/nTkVqMDMAgent1-1.0.apk\"}','R','4/10/2013 @ 13:51:52','4/10/2013 @ 13:51:53','null','509A','Install Application'),
	(8612,-1,'dulitha@wso2.com',83,'{\"type\" : \"Enterprise\", \"identity\" : \"http://10.100.0.151:9763/publisher/upload/nTkVqMDMAgent1-1.0.apk\"}','P','4/10/2013 @ 13:54:24',NULL,NULL,'509A','Install Application'),
	(8613,-1,'dulitha@wso2.com',83,'{\"type\" : \"Enterprise\", \"identity\" : \"http://10.100.0.151:9763/publisher/upload/nTkVqMDMAgent1-1.0.apk\"}','R','4/10/2013 @ 13:56:8','4/10/2013 @ 13:56:46','null','509A','Install Application'),
	(8614,-1,'dulitha@wso2.com',83,'{\"type\" : \"Enterprise\", \"identity\" : \"http://10.100.0.151:9763/publisher/upload/nTkVqMDMAgent1-1.0.apk\"}','P','4/10/2013 @ 14:27:7',NULL,NULL,'509A','Install Application'),
	(8615,-1,'dulitha@wso2.com',83,'{}','R','4/10/2013 @ 15:10:23','4/10/2013 @ 15:10:25','null','503A','Device Lock'),
	(8616,-1,'dulitha@wso2.com',83,'{}','P','4/10/2013 @ 15:39:2',NULL,NULL,'503A','Device Lock'),
	(8617,-1,'dulitha@wso2.com',83,'{}','P','4/10/2013 @ 15:41:3',NULL,NULL,'503A','Device Lock'),
	(8618,-1,'dulitha@wso2.com',83,'{}','P','4/10/2013 @ 15:44:38',NULL,NULL,'503A','Device Lock'),
	(8619,-1,'dulitha@wso2.com',83,'{}','P','4/10/2013 @ 15:48:4',NULL,NULL,'503A','Device Lock'),
	(8620,-1,'dulitha@wso2.com',83,'{}','P','4/10/2013 @ 15:49:8',NULL,NULL,'503A','Device Lock'),
	(8621,-1,'dulitha@wso2.com',83,'{}','P','4/10/2013 @ 15:51:55',NULL,NULL,'503A','Device Lock'),
	(8622,-1,'dulitha@wso2.com',84,'{}','P','4/10/2013 @ 15:52:3',NULL,NULL,'503A','Device Lock'),
	(8623,-1,'dulitha@wso2.com',83,'{}','P','4/10/2013 @ 15:54:5',NULL,NULL,'503A','Device Lock'),
	(8624,-1,'dulitha@wso2.com',83,'{}','P','4/10/2013 @ 15:55:37',NULL,NULL,'503A','Device Lock'),
	(8625,-1,'dulitha@wso2.com',83,'{}','P','4/10/2013 @ 15:56:4',NULL,NULL,'503A','Device Lock'),
	(8626,-1,'dulitha@wso2.com',83,'{}','P','4/10/2013 @ 15:57:24',NULL,NULL,'503A','Device Lock'),
	(8627,-1,'dulitha@wso2.com',83,'{}','P','4/10/2013 @ 16:0:4',NULL,NULL,'503A','Device Lock'),
	(8628,-1,'dulitha@wso2.com',83,'{}','P','4/10/2013 @ 16:2:37',NULL,NULL,'503A','Device Lock'),
	(8629,-1,'dulitha@wso2.com',83,'{}','P','4/10/2013 @ 16:42:25',NULL,NULL,'503A','Device Lock'),
	(8630,-1,'dulitha@wso2.com',83,'{}','R','4/10/2013 @ 18:43:12','4/10/2013 @ 18:43:17','null','503A','Device Lock'),
	(8631,-1,'dulitha@wso2.com',83,'{}','R','4/10/2013 @ 18:43:59','4/10/2013 @ 18:44:0','null','503A','Device Lock'),
	(8632,-1,'shan@wso2mobile.com',85,'\"hi\"','R','4/10/2013 @ 18:51:30','4/10/2013 @ 18:51:31','{\"internal_memory\":{\"total\":8.92,\"available\":2},\"location_obj\":{\"longitude\":79.8528058,\"latitude\":6.9089048},\"external_memory\":{\"total\":8.9,\"available\":1.99},\"operator\":[\"Dialog\"],\"battery\":{\"level\":63}}','500A','Device Information'),
	(8633,-1,'shan@wso2mobile.com',85,'\"hi\"','R','4/10/2013 @ 18:51:31','4/10/2013 @ 18:51:35','[{\"package\":\"air.com.playplus.canimalMatch3VS\",\"icon\":\"\",\"name\":\"Match3VS\"},{\"package\":\"an.sc.sja\",\"icon\":\"\",\"name\":\"St John Ambulance App\"},{\"package\":\"android\",\"icon\":\"\",\"name\":\"Android System\"},{\"package\":\"android.googleSearch.googleSearchWidget\",\"icon\":\"\",\"name\":\"Google Search\"},{\"package\":\"bbc.mobile.news.ww\",\"icon\":\"\",\"name\":\"BBC News\"},{\"package\":\"br.com.rodrigokolb.tabla\",\"icon\":\"\",\"name\":\"Tabla\"},{\"package\":\"com.LocalFota\",\"icon\":\"\",\"name\":\"LocalFOTA\"},{\"package\":\"com.a321apps.mycadre\",\"icon\":\"\",\"name\":\"myCadre\"},{\"package\":\"com.a321apps.mycadrefortablet\",\"icon\":\"\",\"name\":\"MyCadreForTablet\"},{\"package\":\"com.activities.tagyours\",\"icon\":\"\",\"name\":\"TagYours\"},{\"package\":\"com.adaderana\",\"icon\":\"\",\"name\":\"AdaDerana\"},{\"package\":\"com.adobe.reader\",\"icon\":\"\",\"name\":\"Adobe Reader\"},{\"package\":\"com.android.MtpApplication\",\"icon\":\"\",\"name\":\"MTP Application\"},{\"package\":\"com.android.apps.tag\",\"icon\":\"\",\"name\":\"Tags\"},{\"package\":\"com.android.backupconfirm\",\"icon\":\"\",\"name\":\"com.android.backupconfirm\"},{\"package\":\"com.android.bluetooth\",\"icon\":\"\",\"name\":\"Bluetooth Share\"},{\"package\":\"com.android.browser.provider\",\"icon\":\"\",\"name\":\"com.android.browser.provider\"},{\"package\":\"com.android.calendar\",\"icon\":\"\",\"name\":\"S Planner\"},{\"package\":\"com.android.certinstaller\",\"icon\":\"\",\"name\":\"Certificate Installer\"},{\"package\":\"com.android.chrome\",\"icon\":\"\",\"name\":\"Chrome\"},{\"package\":\"com.android.contacts\",\"icon\":\"\",\"name\":\"Contacts\"},{\"package\":\"com.android.defcontainer\",\"icon\":\"\",\"name\":\"Package Access Helper\"},{\"package\":\"com.android.dreams.basic\",\"icon\":\"\",\"name\":\"Basic Daydreams\"},{\"package\":\"com.android.dreams.phototable\",\"icon\":\"\",\"name\":\"Photo Screensavers\"},{\"package\":\"com.android.email\",\"icon\":\"\",\"name\":\"Email\"},{\"package\":\"com.android.exchange\",\"icon\":\"\",\"name\":\"Exchange Services\"},{\"package\":\"com.android.facelock\",\"icon\":\"\",\"name\":\"Face Unlock\"},{\"package\":\"com.android.htmlviewer\",\"icon\":\"\",\"name\":\"HTML Viewer\"},{\"package\":\"com.android.inputdevices\",\"icon\":\"\",\"name\":\"Input Devices\"},{\"package\":\"com.android.keychain\",\"icon\":\"\",\"name\":\"Key Chain\"},{\"package\":\"com.android.location.fused\",\"icon\":\"\",\"name\":\"Fused Location\"},{\"package\":\"com.android.mms\",\"icon\":\"\",\"name\":\"Messaging\"},{\"package\":\"com.android.musicfx\",\"icon\":\"\",\"name\":\"MusicFX\"},{\"package\":\"com.android.nfc\",\"icon\":\"\",\"name\":\"Nfc Service\"},{\"package\":\"com.android.noisefield\",\"icon\":\"\",\"name\":\"Bubbles\"},{\"package\":\"com.android.packageinstaller\",\"icon\":\"\",\"name\":\"Package installer\"},{\"package\":\"com.android.phasebeam\",\"icon\":\"\",\"name\":\"Phase beam\"},{\"package\":\"com.android.phone\",\"icon\":\"\",\"name\":\"Phone\"},{\"package\":\"com.android.providers.applications\",\"icon\":\"\",\"name\":\"Search Applications Provider\"},{\"package\":\"com.android.providers.calendar\",\"icon\":\"\",\"name\":\"Calendar Storage\"},{\"package\":\"com.android.providers.contacts\",\"icon\":\"\",\"name\":\"Contacts Storage\"},{\"package\":\"com.android.providers.downloads\",\"icon\":\"\",\"name\":\"Download Manager\"},{\"package\":\"com.android.providers.downloads.ui\",\"icon\":\"\",\"name\":\"Downloads\"},{\"package\":\"com.android.providers.drm\",\"icon\":\"\",\"name\":\"DRM-Protected Content Storage\"},{\"package\":\"com.android.providers.media\",\"icon\":\"\",\"name\":\"Media Storage\"},{\"package\":\"com.android.providers.partnerbookmarks\",\"icon\":\"\",\"name\":\"com.android.providers.partnerbookmarks\"},{\"package\":\"com.android.providers.security\",\"icon\":\"\",\"name\":\"Security Storage\"},{\"package\":\"com.android.providers.settings\",\"icon\":\"\",\"name\":\"Settings Storage\"},{\"package\":\"com.android.providers.telephony\",\"icon\":\"\",\"name\":\"Dialer Storage\"},{\"package\":\"com.android.providers.userdictionary\",\"icon\":\"\",\"name\":\"User Dictionary\"},{\"package\":\"com.android.settings\",\"icon\":\"\",\"name\":\"Settings\"},{\"package\":\"com.android.sharedstoragebackup\",\"icon\":\"\",\"name\":\"com.android.sharedstoragebackup\"},{\"package\":\"com.android.stk\",\"icon\":\"\",\"name\":\"Dialog Services\"},{\"package\":\"com.android.systemui\",\"icon\":\"\",\"name\":\"System UI\"},{\"package\":\"com.android.vending\",\"icon\":\"\",\"name\":\"Google Play Store\"},{\"package\":\"com.android.vpndialogs\",\"icon\":\"\",\"name\":\"VpnDialogs\"},{\"package\":\"com.android.wallpaper.livepicker\",\"icon\":\"\",\"name\":\"Live Wallpaper Picker\"},{\"package\":\"com.antivirus\",\"icon\":\"\",\"name\":\"AntiVirus\"},{\"package\":\"com.apksoftware.compass\",\"icon\":\"\",\"name\":\"Compass\"},{\"package\":\"com.application.zomato\",\"icon\":\"\",\"name\":\"Zomato\"},{\"package\":\"com.arcsoft.demo.piclear\",\"icon\":\"\",\"name\":\"Eraser\"},{\"package\":\"com.arcsoft.flawlessface\",\"icon\":\"\",\"name\":\"BeautyFace\"},{\"package\":\"com.arcsoft.picaction.app\",\"icon\":\"\",\"name\":\"Drama\"},{\"package\":\"com.arcsoft.picmovie\",\"icon\":\"\",\"name\":\"Animated photo\"},{\"package\":\"com.arcsoft.picturesbest.app\",\"icon\":\"\",\"name\":\"Best Face\"},{\"package\":\"com.backflipstudios.android.papertoss2\",\"icon\":\"\",\"name\":\"Paper Toss 2.0\"},{\"package\":\"com.batteryacid.highwayrider\",\"icon\":\"\",\"name\":\"Highway Rider\"},{\"package\":\"com.blurb.checkout\",\"icon\":\"\",\"name\":\"BlurbCheckout\"},{\"package\":\"com.cleanmaster.mguard\",\"icon\":\"\",\"name\":\"Clean Master\"},{\"package\":\"com.cnn.mobile.android.phone\",\"icon\":\"\",\"name\":\"CNN\"},{\"package\":\"com.codingcaveman.SoloTrial\",\"icon\":\"\",\"name\":\"Solo Lite\"},{\"package\":\"com.com2us.c2sholdem.normal.freefull.samsungapps.global.android.samsung\",\"icon\":\"\",\"name\":\"Com2uSPoker\"},{\"package\":\"com.coolots.chaton\",\"icon\":\"\",\"name\":\"ChatON V\"},{\"package\":\"com.dailymotion.dailymotion\",\"icon\":\"\",\"name\":\"Dailymotion\"},{\"package\":\"com.darkhorse.digital\",\"icon\":\"\",\"name\":\"Dark Horse Comics\"},{\"package\":\"com.diotek.diodict3.service\",\"icon\":\"\",\"name\":\"DioDictService\"},{\"package\":\"com.dropbox.android\",\"icon\":\"\",\"name\":\"Dropbox\"},{\"package\":\"com.epson.mobilephone.samsungprintservice\",\"icon\":\"\",\"name\":\"EpsonPrintService\"},{\"package\":\"com.example.alfrescodemo\",\"icon\":\"\",\"name\":\"AlfrescoDemo\"},{\"package\":\"com.example.android.fragments\",\"icon\":\"\",\"name\":\"Fragment Basics\"},{\"package\":\"com.example.cusapptester\",\"icon\":\"\",\"name\":\"CusAppTester\"},{\"package\":\"com.facebook.katana\",\"icon\":\"\",\"name\":\"Facebook\"},{\"package\":\"com.fidenz.taxi\",\"icon\":\"\",\"name\":\"TaxiKo\"},{\"package\":\"com.fltech.ceyloncalendar\",\"icon\":\"\",\"name\":\"Ceylon Calendar 2013\"},{\"package\":\"com.fmm.dm\",\"icon\":\"\",\"name\":\"Remote controls\"},{\"package\":\"com.fmm.ds\",\"icon\":\"\",\"name\":\"Remote controls\"},{\"package\":\"com.forthblue.pool\",\"icon\":\"\",\"name\":\"Pool Billiards Pro\"},{\"package\":\"com.gameloft.android.ANMP.GloftDMHM\",\"icon\":\"\",\"name\":\"Minion Rush\"},{\"package\":\"com.gau.go.launcherex.gowidget.taskmanagerex\",\"icon\":\"\",\"name\":\"GO TaskManager EX\"},{\"package\":\"com.gd.mobicore.pa\",\"icon\":\"\",\"name\":\"RootPA\"},{\"package\":\"com.google.android.apps.books\",\"icon\":\"\",\"name\":\"Google Play Books\"},{\"package\":\"com.google.android.apps.magazines\",\"icon\":\"\",\"name\":\"Google Play Magazines\"},{\"package\":\"com.google.android.apps.maps\",\"icon\":\"\",\"name\":\"Maps\"},{\"package\":\"com.google.android.apps.plus\",\"icon\":\"\",\"name\":\"Google \"},{\"package\":\"com.google.android.apps.uploader\",\"icon\":\"\",\"name\":\"Picasa Uploader\"},{\"package\":\"com.google.android.backup\",\"icon\":\"\",\"name\":\"Google Backup Transport\"},{\"package\":\"com.google.android.calendar\",\"icon\":\"\",\"name\":\"Calendar\"},{\"package\":\"com.google.android.feedback\",\"icon\":\"\",\"name\":\"Market Feedback Agent\"},{\"package\":\"com.google.android.gm\",\"icon\":\"\",\"name\":\"Gmail\"},{\"package\":\"com.google.android.gms\",\"icon\":\"\",\"name\":\"Google Play services\"},{\"package\":\"com.google.android.googlequicksearchbox\",\"icon\":\"\",\"name\":\"Google Search\"},{\"package\":\"com.google.android.gsf\",\"icon\":\"\",\"name\":\"Google Services Framework\"},{\"package\":\"com.google.android.gsf.login\",\"icon\":\"\",\"name\":\"Google Account Manager\"},{\"package\":\"com.google.android.location\",\"icon\":\"\",\"name\":\"Network Location\"},{\"package\":\"com.google.android.marvin.talkback\",\"icon\":\"\",\"name\":\"TalkBack\"},{\"package\":\"com.google.android.music\",\"icon\":\"\",\"name\":\"Google Play Music\"},{\"package\":\"com.google.android.partnersetup\",\"icon\":\"\",\"name\":\"Google Partner Set Up\"},{\"package\":\"com.google.android.setupwizard\",\"icon\":\"\",\"name\":\"Setup Wizard\"},{\"package\":\"com.google.android.street\",\"icon\":\"\",\"name\":\"Street View\"},{\"package\":\"com.google.android.syncadapters.calendar\",\"icon\":\"\",\"name\":\"Google Calendar Sync\"},{\"package\":\"com.google.android.syncadapters.contacts\",\"icon\":\"\",\"name\":\"Google Contacts Sync\"},{\"package\":\"com.google.android.talk\",\"icon\":\"\",\"name\":\"Talk\"},{\"package\":\"com.google.android.tts\",\"icon\":\"\",\"name\":\"Google Text-to-speech engine\"},{\"package\":\"com.google.android.voicesearch\",\"icon\":\"\",\"name\":\"com.google.android.voicesearch\"},{\"package\":\"com.google.android.youtube\",\"icon\":\"\",\"name\":\"YouTube\"},{\"package\":\"com.google.earth\",\"icon\":\"\",\"name\":\"Earth\"},{\"package\":\"com.halfbrick.fruitninjafree\",\"icon\":\"\",\"name\":\"Fruit Ninja\"},{\"package\":\"com.hotmail.Z7\",\"icon\":\"\",\"name\":\"Hotmail\"},{\"package\":\"com.hp.android.printservice\",\"icon\":\"\",\"name\":\"HP Print Service Plugin\"},{\"package\":\"com.icloudzone.MogingWorld\",\"icon\":\"\",\"name\":\"Jungle Fly\"},{\"package\":\"com.imangi.templerun2\",\"icon\":\"\",\"name\":\"Temple Run 2\"},{\"package\":\"com.imdb.mobile\",\"icon\":\"\",\"name\":\"IMDb\"},{\"package\":\"com.indiagames.ipl2012\",\"icon\":\"\",\"name\":\"IPL Cricket Fever\"},{\"package\":\"com.infraware.polarisviewer5\",\"icon\":\"\",\"name\":\"POLARIS Office Viewer 5\"},{\"package\":\"com.instagram.android\",\"icon\":\"\",\"name\":\"Instagram\"},{\"package\":\"com.ipoint2\",\"icon\":\"\",\"name\":\"iPoint2\"},{\"package\":\"com.joelapenna.foursquared\",\"icon\":\"\",\"name\":\"Foursquare\"},{\"package\":\"com.july.cricinfo\",\"icon\":\"\",\"name\":\"ESPNcricinfo\"},{\"package\":\"com.kiloo.subwaysurf\",\"icon\":\"\",\"name\":\"Subway Surf\"},{\"package\":\"com.lifevibes.trimapp\",\"icon\":\"\",\"name\":\"Trim\"},{\"package\":\"com.linkedin.android\",\"icon\":\"\",\"name\":\"LinkedIn\"},{\"package\":\"com.mdm\",\"icon\":\"\",\"name\":\"WSO2 Agent\"},{\"package\":\"com.microimage.bookHUBReader\",\"icon\":\"\",\"name\":\"BookHUB Reader\"},{\"package\":\"com.monotype.android.font.chococooky\",\"icon\":\"\",\"name\":\"ChocoEUKor\"},{\"package\":\"com.monotype.android.font.cooljazz\",\"icon\":\"\",\"name\":\"CoolEUKor\"},{\"package\":\"com.monotype.android.font.droidserifitalic\",\"icon\":\"\",\"name\":\"DroidSerifItalic\"},{\"package\":\"com.monotype.android.font.rosemary\",\"icon\":\"\",\"name\":\"RoseEUKor\"},{\"package\":\"com.monotype.android.font.samsungsans\",\"icon\":\"\",\"name\":\"SamsungSans\"},{\"package\":\"com.mri.idinfo\",\"icon\":\"\",\"name\":\"Lanka ID Card Info\"},{\"package\":\"com.mxtech.videoplayer.ad\",\"icon\":\"\",\"name\":\"MX Player\"},{\"package\":\"com.naturalmotion.csrracing\",\"icon\":\"\",\"name\":\"CSR Racing\"},{\"package\":\"com.netqin.contactbackup\",\"icon\":\"\",\"name\":\"NetQin Sync\"},{\"package\":\"com.netqin.mm\",\"icon\":\"\",\"name\":\"Call Blocker\"},{\"package\":\"com.nza.dailymirror\",\"icon\":\"\",\"name\":\"DailyMirror\"},{\"package\":\"com.ogqcorp.bgh\",\"icon\":\"\",\"name\":\"Backgrounds\"},{\"package\":\"com.orange.authentication.simcard.permission\",\"icon\":\"\",\"name\":\"com.orange.authentication.simcard.permission\"},{\"package\":\"com.osp.app.signin\",\"icon\":\"\",\"name\":\"Samsung account\"},{\"package\":\"com.outfit7.talkinggingerfree\",\"icon\":\"\",\"name\":\"Talking Ginger\"},{\"package\":\"com.outfit7.talkingtom2free\",\"icon\":\"\",\"name\":\"Talking Tom 2\"},{\"package\":\"com.outlook.Z7\",\"icon\":\"\",\"name\":\"Outlook.com\"},{\"package\":\"com.policydm\",\"icon\":\"\",\"name\":\"Security Policy Update\"},{\"package\":\"com.quoord.tapatalkxda.activity\",\"icon\":\"\",\"name\":\"XDA\"},{\"package\":\"com.rbigsoft.easyunrar.lite\",\"icon\":\"\",\"name\":\"Easy Unrar Lite\"},{\"package\":\"com.rovio.angrybirdsrio\",\"icon\":\"\",\"name\":\"Angry Birds\"},{\"package\":\"com.rovio.angrybirdsstarwars.ads.iap\",\"icon\":\"\",\"name\":\"Angry Birds\"},{\"package\":\"com.samsung.SMT\",\"icon\":\"\",\"name\":\"Samsung text-to-speech engine\"},{\"package\":\"com.samsung.android.app.accesscontrol\",\"icon\":\"\",\"name\":\"Interaction control\"},{\"package\":\"com.samsung.android.app.assistantmenu\",\"icon\":\"\",\"name\":\"Assistant menu\"},{\"package\":\"com.samsung.android.app.colorblind\",\"icon\":\"\",\"name\":\"Colour adjustment\"},{\"package\":\"com.samsung.android.app.divx\",\"icon\":\"\",\"name\":\"Licence settings\"},{\"package\":\"com.samsung.android.app.episodes\",\"icon\":\"\",\"name\":\"Story Album\"},{\"package\":\"com.samsung.android.app.filterinstaller\",\"icon\":\"\",\"name\":\"Filter Installer\"},{\"package\":\"com.samsung.android.app.gestureservice\",\"icon\":\"\",\"name\":\"GestureService\"},{\"package\":\"com.samsung.android.app.shareaccessibilitysettings\",\"icon\":\"\",\"name\":\"Manage accessibility\"},{\"package\":\"com.samsung.android.app.sm\",\"icon\":\"\",\"name\":\"SphericalMosaic\"},{\"package\":\"com.samsung.android.app.storyalbumwidget\",\"icon\":\"\",\"name\":\"Story Album Widget\"},{\"package\":\"com.samsung.android.mdm\",\"icon\":\"\",\"name\":\"MDMApp\"},{\"package\":\"com.samsung.android.provider.filterprovider\",\"icon\":\"\",\"name\":\"FilterProvider\"},{\"package\":\"com.samsung.android.providers.context\",\"icon\":\"\",\"name\":\"ContextProvider\"},{\"package\":\"com.samsung.android.service.travel\",\"icon\":\"\",\"name\":\"Travel Wallpaper\"},{\"package\":\"com.samsung.android.tripwidget\",\"icon\":\"\",\"name\":\"Travel\"},{\"package\":\"com.samsung.android.walletmanager\",\"icon\":\"\",\"name\":\"NFC payment\"},{\"package\":\"com.samsung.android.widgetapp.briefing4x2\",\"icon\":\"\",\"name\":\"Briefing\"},{\"package\":\"com.samsung.app.playreadyui\",\"icon\":\"\",\"name\":\"com.samsung.app.playreadyui\"},{\"package\":\"com.samsung.clipboardsaveservice\",\"icon\":\"\",\"name\":\"TestService\"},{\"package\":\"com.samsung.everglades.video\",\"icon\":\"\",\"name\":\"Video\"},{\"package\":\"com.samsung.groupcast\",\"icon\":\"\",\"name\":\"Group Play\"},{\"package\":\"com.samsung.health.phr\",\"icon\":\"\",\"name\":\"PhrCloudService\"},{\"package\":\"com.samsung.helphub\",\"icon\":\"\",\"name\":\"Help\"},{\"package\":\"com.samsung.pickuptutorial\",\"icon\":\"\",\"name\":\"PickupTutorial\"},{\"package\":\"com.samsung.scloud.scloudstarter\",\"icon\":\"\",\"name\":\"SCloudStarter\"},{\"package\":\"com.samsung.scrc.idi.server\",\"icon\":\"\",\"name\":\"INDIServiceManager\"},{\"package\":\"com.samsung.sec.android.application.csc\",\"icon\":\"\",\"name\":\"CSC\"},{\"package\":\"com.samsung.shareshot\",\"icon\":\"\",\"name\":\"ShareShotService\"},{\"package\":\"com.sand.airdroid\",\"icon\":\"\",\"name\":\"AirDroid\"},{\"package\":\"com.sec.allsharecastplayer\",\"icon\":\"\",\"name\":\"Screen Mirroring\"},{\"package\":\"com.sec.android.Kies\",\"icon\":\"\",\"name\":\"USB settings\"},{\"package\":\"com.sec.android.Preconfig\",\"icon\":\"\",\"name\":\"Preconfig\"},{\"package\":\"com.sec.android.RilServiceModeApp\",\"icon\":\"\",\"name\":\"Service mode RIL\"},{\"package\":\"com.sec.android.SimpleWidget\",\"icon\":\"\",\"name\":\"Favourite Apps\"},{\"package\":\"com.sec.android.allshare.service.controlshare\",\"icon\":\"\",\"name\":\"AllShare ControlShare Service\"},{\"package\":\"com.sec.android.allshare.service.fileshare\",\"icon\":\"\",\"name\":\"AllShare FileShare Service\"},{\"package\":\"com.sec.android.allshare.service.mediashare\",\"icon\":\"\",\"name\":\"Nearby Service\"},{\"package\":\"com.sec.android.app.DataCreate\",\"icon\":\"\",\"name\":\"Automation Test\"},{\"package\":\"com.sec.android.app.FileShareClient\",\"icon\":\"\",\"name\":\"Wi-Fi Direct\"},{\"package\":\"com.sec.android.app.FileShareServer\",\"icon\":\"\",\"name\":\"Wi-Fi Direct share\"},{\"package\":\"com.sec.android.app.FlashBarService\",\"icon\":\"\",\"name\":\"com.sec.android.app.FlashBarService\"},{\"package\":\"com.sec.android.app.GlanceView\",\"icon\":\"\",\"name\":\"GlanceViewMk\"},{\"package\":\"com.sec.android.app.SecSetupWizard\",\"icon\":\"\",\"name\":\"Samsung SetupWizard\"},{\"package\":\"com.sec.android.app.bluetoothtest\",\"icon\":\"\",\"name\":\"BluetoothTest\"},{\"package\":\"com.sec.android.app.camera\",\"icon\":\"\",\"name\":\"Camera\"},{\"package\":\"com.sec.android.app.clockpackage\",\"icon\":\"\",\"name\":\"Clock\"},{\"package\":\"com.sec.android.app.collage\",\"icon\":\"\",\"name\":\"Collage\"},{\"package\":\"com.sec.android.app.controlpanel\",\"icon\":\"\",\"name\":\"Task manager\"},{\"package\":\"com.sec.android.app.easylauncher\",\"icon\":\"\",\"name\":\"TouchWiz easy home\"},{\"package\":\"com.sec.android.app.factorykeystring\",\"icon\":\"\",\"name\":\"FactoryKeystring\"},{\"package\":\"com.sec.android.app.gamehub\",\"icon\":\"\",\"name\":\"Samsung Games\"},{\"package\":\"com.sec.android.app.hwmoduletest\",\"icon\":\"\",\"name\":\"FactoryKeystring\"},{\"package\":\"com.sec.android.app.keyguard\",\"icon\":\"\",\"name\":\"com.sec.android.app.keyguard\"},{\"package\":\"com.sec.android.app.keyguardbackuprestore\",\"icon\":\"\",\"name\":\"KeyguardBackupRestore\"},{\"package\":\"com.sec.android.app.kieswifi\",\"icon\":\"\",\"name\":\"Kies via Wi-Fi\"},{\"package\":\"com.sec.android.app.launcher\",\"icon\":\"\",\"name\":\"TouchWiz Home\"},{\"package\":\"com.sec.android.app.mediasync\",\"icon\":\"\",\"name\":\"Share music\"},{\"package\":\"com.sec.android.app.minimode.res\",\"icon\":\"\",\"name\":\"com.sec.android.app.minimode.res\"},{\"package\":\"com.sec.android.app.mobileprint\",\"icon\":\"\",\"name\":\"Mobile Print\"},{\"package\":\"com.sec.android.app.mt\",\"icon\":\"\",\"name\":\"Mobile tracker\"},{\"package\":\"com.sec.android.app.music\",\"icon\":\"\",\"name\":\"Music\"},{\"package\":\"com.sec.android.app.myfiles\",\"icon\":\"\",\"name\":\"My Files\"},{\"package\":\"com.sec.android.app.nfctest\",\"icon\":\"\",\"name\":\"NFC Test\"},{\"package\":\"com.sec.android.app.ocr\",\"icon\":\"\",\"name\":\"Optical Reader\"},{\"package\":\"com.sec.android.app.parser\",\"icon\":\"\",\"name\":\"Factory Mode\"},{\"package\":\"com.sec.android.app.personalization\",\"icon\":\"\",\"name\":\"Perso\"},{\"package\":\"com.sec.android.app.popupcalculator\",\"icon\":\"\",\"name\":\"Calculator\"},{\"package\":\"com.sec.android.app.popupuireceiver\",\"icon\":\"\",\"name\":\"PopupuiReceiver\"},{\"package\":\"com.sec.android.app.ringtoneBR\",\"icon\":\"\",\"name\":\"ringtonebackup\"},{\"package\":\"com.sec.android.app.safetyassurance\",\"icon\":\"\",\"name\":\"Safety assistance\"},{\"package\":\"com.sec.android.app.samsungapps\",\"icon\":\"\",\"name\":\"Samsung Apps\"},{\"package\":\"com.sec.android.app.samsungapps.una2\",\"icon\":\"\",\"name\":\"SamsungAppsUNA2\"},{\"package\":\"com.sec.android.app.sbrowser\",\"icon\":\"\",\"name\":\"Internet\"},{\"package\":\"com.sec.android.app.sbrowsertry\",\"icon\":\"\",\"name\":\"com.sec.android.app.sbrowsertry\"},{\"package\":\"com.sec.android.app.servicemodeapp\",\"icon\":\"\",\"name\":\"Service mode\"},{\"package\":\"com.sec.android.app.shealth\",\"icon\":\"\",\"name\":\"S Health\"},{\"package\":\"com.sec.android.app.sns3\",\"icon\":\"\",\"name\":\"SNS\"},{\"package\":\"com.sec.android.app.sysscope\",\"icon\":\"\",\"name\":\"SysScope\"},{\"package\":\"com.sec.android.app.tmserver\",\"icon\":\"\",\"name\":\"TMServerApp\"},{\"package\":\"com.sec.android.app.translator\",\"icon\":\"\",\"name\":\"S Translator\"},{\"package\":\"com.sec.android.app.twdvfs\",\"icon\":\"\",\"name\":\"TwDVFSApp\"},{\"package\":\"com.sec.android.app.videoplayer\",\"icon\":\"\",\"name\":\"Video Player\"},{\"package\":\"com.sec.android.app.voicerecorder\",\"icon\":\"\",\"name\":\"Voice Recorder\"},{\"package\":\"com.sec.android.app.wallpaperchooser\",\"icon\":\"\",\"name\":\"SecWallpaperChooser\"},{\"package\":\"com.sec.android.app.wfdbroker\",\"icon\":\"\",\"name\":\"com.sec.android.app.wfdbroker\"},{\"package\":\"com.sec.android.app.wlantest\",\"icon\":\"\",\"name\":\"WlanTest\"},{\"package\":\"com.sec.android.band\",\"icon\":\"\",\"name\":\"BandService\"},{\"package\":\"com.sec.android.cloudagent\",\"icon\":\"\",\"name\":\"CloudAgent\"},{\"package\":\"com.sec.android.cloudagent.dropboxoobe\",\"icon\":\"\",\"name\":\"DropboxOOBE\"},{\"package\":\"com.sec.android.daemonapp\",\"icon\":\"\",\"name\":\"Unified Daemon(EUR)\"},{\"package\":\"com.sec.android.directconnect\",\"icon\":\"\",\"name\":\"DirectConnectManager\"},{\"package\":\"com.sec.android.directshare\",\"icon\":\"\",\"name\":\"DirectShareManager\"},{\"package\":\"com.sec.android.drmpopup\",\"icon\":\"\",\"name\":\"OmaDrmPopup\"},{\"package\":\"com.sec.android.easysettings\",\"icon\":\"\",\"name\":\"Easy settings\"},{\"package\":\"com.sec.android.fotaclient\",\"icon\":\"\",\"name\":\"Software update\"},{\"package\":\"com.sec.android.fwupgrade\",\"icon\":\"\",\"name\":\"AllShare Cast Dongle S\\/W Update\"},{\"package\":\"com.sec.android.gallery3d\",\"icon\":\"\",\"name\":\"Gallery\"},{\"package\":\"com.sec.android.iap\",\"icon\":\"\",\"name\":\"IAP\"},{\"package\":\"com.sec.android.inputmethod\",\"icon\":\"\",\"name\":\"Samsung keyboard\"},{\"package\":\"com.sec.android.mimage.photoretouching\",\"icon\":\"\",\"name\":\"Photo Editor\"},{\"package\":\"com.sec.android.mmapp\",\"icon\":\"\",\"name\":\"Multimedia UI Service Layer\"},{\"package\":\"com.sec.android.motions.settings.airmotiontutorial\",\"icon\":\"\",\"name\":\"Try air move\"},{\"package\":\"com.sec.android.nearby.mediaserver\",\"icon\":\"\",\"name\":\"Nearby devices\"},{\"package\":\"com.sec.android.pagebuddynotisvc\",\"icon\":\"\",\"name\":\"PageBuddyNotiSvc\"},{\"package\":\"com.sec.android.preloadinstaller\",\"icon\":\"\",\"name\":\"Application installer\"},{\"package\":\"com.sec.android.provider.badge\",\"icon\":\"\",\"name\":\"BadgeProvider\"},{\"package\":\"com.sec.android.provider.logsprovider\",\"icon\":\"\",\"name\":\"LogsProvider\"},{\"package\":\"com.sec.android.provider.snote\",\"icon\":\"\",\"name\":\"S Note Provider\"},{\"package\":\"com.sec.android.providers.tasks\",\"icon\":\"\",\"name\":\"Tasks provider\"},{\"package\":\"com.sec.android.sCloudBackupApp\",\"icon\":\"\",\"name\":\"Backup\"},{\"package\":\"com.sec.android.sCloudBackupProvider\",\"icon\":\"\",\"name\":\"Samsung Backup Provider\"},{\"package\":\"com.sec.android.sCloudRelayData\",\"icon\":\"\",\"name\":\"Samsung Cloud Data Relay\"},{\"package\":\"com.sec.android.sCloudSync\",\"icon\":\"\",\"name\":\"Samsung Syncadapters\"},{\"package\":\"com.sec.android.sCloudSyncCalendar\",\"icon\":\"\",\"name\":\"Samsung Calendar SyncAdapter\"},{\"package\":\"com.sec.android.sCloudSyncContacts\",\"icon\":\"\",\"name\":\"Samsung Contact SyncAdapter\"},{\"package\":\"com.sec.android.sCloudSyncSBrowserBookMark\",\"icon\":\"\",\"name\":\"Samsung SBrowser Bookmark SyncAdapter\"},{\"package\":\"com.sec.android.sCloudSyncSBrowserTabs\",\"icon\":\"\",\"name\":\"Samsung SBrowser Tab SyncAdapter\"},{\"package\":\"com.sec.android.sCloudSyncSNote\",\"icon\":\"\",\"name\":\"Samsung SNote SyncAdapter\"},{\"package\":\"com.sec.android.scloud.quota\",\"icon\":\"\",\"name\":\"Samsung Cloud Quota\"},{\"package\":\"com.sec.android.service.cm\",\"icon\":\"\",\"name\":\"CapabilityManagerService\"},{\"package\":\"com.sec.android.service.health.provider\",\"icon\":\"\",\"name\":\"com.sec.android.service.health.provider\"},{\"package\":\"com.sec.android.service.health.sensor\",\"icon\":\"\",\"name\":\"SensorService\"},{\"package\":\"com.sec.android.widget.samsungapps\",\"icon\":\"\",\"name\":\"Samsung Apps Widget\"},{\"package\":\"com.sec.android.widgetapp.SPlannerAppWidget\",\"icon\":\"\",\"name\":\"S Planner Widget\"},{\"package\":\"com.sec.android.widgetapp.alarmwidget\",\"icon\":\"\",\"name\":\"Alarm\"},{\"package\":\"com.sec.android.widgetapp.ap.hero.accuweather\",\"icon\":\"\",\"name\":\"Weather Widget\"},{\"package\":\"com.sec.android.widgetapp.ap.yahoonews\",\"icon\":\"\",\"name\":\"Yahoo! News\"},{\"package\":\"com.sec.android.widgetapp.ap.yahoostock.stockclock\",\"icon\":\"\",\"name\":\"Yahoo! Finance\"},{\"package\":\"com.sec.android.widgetapp.digitalclock\",\"icon\":\"\",\"name\":\"Clock (Digital)\"},{\"package\":\"com.sec.android.widgetapp.digitalclock2x1\",\"icon\":\"\",\"name\":\"Clock (Digital)\"},{\"package\":\"com.sec.android.widgetapp.diotek.smemo\",\"icon\":\"\",\"name\":\"S Memo\"},{\"package\":\"com.sec.android.widgetapp.dualclockdigital\",\"icon\":\"\",\"name\":\"Dual Clock (Digital)\"},{\"package\":\"com.sec.android.widgetapp.easyfavoritescontactswidget\",\"icon\":\"\",\"name\":\"Favourite Contacts\"},{\"package\":\"com.sec.android.widgetapp.notificationwidget\",\"icon\":\"\",\"name\":\"Communication notifications\"},{\"package\":\"com.sec.android.widgetapp.programmonitorwidget\",\"icon\":\"\",\"name\":\"Active Apps Manager\"},{\"package\":\"com.sec.android.widgetapp.webmanual\",\"icon\":\"\",\"name\":\"User Manual\"},{\"package\":\"com.sec.app.RilErrorNotifier\",\"icon\":\"\",\"name\":\"RilNotifier\"},{\"package\":\"com.sec.app.samsungprintservice\",\"icon\":\"\",\"name\":\"Samsung Print Service\"},{\"package\":\"com.sec.bcservice\",\"icon\":\"\",\"name\":\"com.sec.bcservice\"},{\"package\":\"com.sec.chaton\",\"icon\":\"\",\"name\":\"ChatON\"},{\"package\":\"com.sec.dsm.phone\",\"icon\":\"\",\"name\":\"DSMForwarding\"},{\"package\":\"com.sec.dsm.system\",\"icon\":\"\",\"name\":\"DSMLawmo\"},{\"package\":\"com.sec.enterprise.mdm.services.simpin\",\"icon\":\"\",\"name\":\"Enterprise Sim Pin Service\"},{\"package\":\"com.sec.enterprise.mdm.services.sysscope\",\"icon\":\"\",\"name\":\"Enterprise SysScope Service\"},{\"package\":\"com.sec.enterprise.mdm.services.vpn\",\"icon\":\"\",\"name\":\"Enterprise VPN Services\"},{\"package\":\"com.sec.enterprise.permissions\",\"icon\":\"\",\"name\":\"EnterprisePermissions\"},{\"package\":\"com.sec.esdk.elm\",\"icon\":\"\",\"name\":\"ELM Agent\"},{\"package\":\"com.sec.everglades\",\"icon\":\"\",\"name\":\"Samsung Hub\"},{\"package\":\"com.sec.everglades.update\",\"icon\":\"\",\"name\":\"SamsungHub Updater\"},{\"package\":\"com.sec.factory\",\"icon\":\"\",\"name\":\"Factory Test\"},{\"package\":\"com.sec.factory.camera\",\"icon\":\"\",\"name\":\"Camera Test\"},{\"package\":\"com.sec.hearingadjust\",\"icon\":\"\",\"name\":\"Adapt Sound\"},{\"package\":\"com.sec.knox.containeragent\",\"icon\":\"\",\"name\":\"Samsung KNOX\"},{\"package\":\"com.sec.knox.seandroid\",\"icon\":\"\",\"name\":\"Knox Notification Manager\"},{\"package\":\"com.sec.knox.store\",\"icon\":\"\",\"name\":\"KNOX Store\"},{\"package\":\"com.sec.modem.settings\",\"icon\":\"\",\"name\":\"UltraCfg\"},{\"package\":\"com.sec.msc.learninghub\",\"icon\":\"\",\"name\":\"Samsung Learning\"},{\"package\":\"com.sec.pcw\",\"icon\":\"\",\"name\":\"Samsung Link\"},{\"package\":\"com.sec.pcw.device\",\"icon\":\"\",\"name\":\"Remote Controls\"},{\"package\":\"com.sec.phone\",\"icon\":\"\",\"name\":\"com.sec.phone\"},{\"package\":\"com.sec.readershub\",\"icon\":\"\",\"name\":\"Samsung Books\"},{\"package\":\"com.sec.setdefaultlauncher\",\"icon\":\"\",\"name\":\"SetDefaultLauncher\"},{\"package\":\"com.sec.smartcard.pinservice\",\"icon\":\"\",\"name\":\"SmartcardManager\"},{\"package\":\"com.sec.spp.push\",\"icon\":\"\",\"name\":\"Samsung Push Service\"},{\"package\":\"com.siso.app.generic\",\"icon\":\"\",\"name\":\"MobilePrintSvc_CUPS\"},{\"package\":\"com.siso.app.genericprintservice\",\"icon\":\"\",\"name\":\"MobilePrintSvc_CUPS_Backend\"},{\"package\":\"com.skillpages.app\",\"icon\":\"\",\"name\":\"SkillPages\"},{\"package\":\"com.skype.raider\",\"icon\":\"\",\"name\":\"Skype\"},{\"package\":\"com.smartanuj.hideitpro\",\"icon\":\"\",\"name\":\"Audio Manager\"},{\"package\":\"com.smlds\",\"icon\":\"\",\"name\":\"SyncmlDS\"},{\"package\":\"com.teamviewer.teamviewer.market.mobile\",\"icon\":\"\",\"name\":\"TeamViewer\"},{\"package\":\"com.threed.bowling\",\"icon\":\"\",\"name\":\"3D Bowling\"},{\"package\":\"com.tripadvisor.tripadvisor\",\"icon\":\"\",\"name\":\"TripAdvisor\"},{\"package\":\"com.twitter.android\",\"icon\":\"\",\"name\":\"Twitter\"},{\"package\":\"com.vectorunit.yellow\",\"icon\":\"\",\"name\":\"Beach Buggy Blitz\"},{\"package\":\"com.viber.voip\",\"icon\":\"\",\"name\":\"Viber\"},{\"package\":\"com.visionobjects.resourcemanager\",\"icon\":\"\",\"name\":\"Resource Manager\"},{\"package\":\"com.vlingo.midas\",\"icon\":\"\",\"name\":\"S Voice\"},{\"package\":\"com.wso2.gamer\",\"icon\":\"\",\"name\":\"Gamer\"},{\"package\":\"com.wso2.worspace\",\"icon\":\"\",\"name\":\"Worspace\"},{\"package\":\"com.wso2.wso2con.mobile\",\"icon\":\"\",\"name\":\"WSO2Con\"},{\"package\":\"com.wso2.wso2mobilevault\",\"icon\":\"\",\"name\":\"WSO2Mobile Vault\"},{\"package\":\"com.wso2.wso2sample\",\"icon\":\"\",\"name\":\"WSO2Sample\"},{\"package\":\"com.wsomacp\",\"icon\":\"\",\"name\":\"OMACP\"},{\"package\":\"com.wssnps\",\"icon\":\"\",\"name\":\"wssyncmlnps\"},{\"package\":\"com.wssyncmldm\",\"icon\":\"\",\"name\":\"Software update\"},{\"package\":\"com.yahoo.mobile.client.android.mail\",\"icon\":\"\",\"name\":\"Y! Mail\"},{\"package\":\"com.zagmoid.carrom3d\",\"icon\":\"\",\"name\":\"Carrom 3D\"},{\"package\":\"com.zodinplex.naturesound\",\"icon\":\"\",\"name\":\"Nature Sound\"},{\"package\":\"flipboard.app\",\"icon\":\"\",\"name\":\"Flipboard\"},{\"package\":\"ipnossoft.rma.free\",\"icon\":\"\",\"name\":\"Relax Melodies\"},{\"package\":\"ishan.sinhala\",\"icon\":\"\",\"name\":\"Sinhala Lyrics (Pro)\"},{\"package\":\"lk.icta.mobile.apps.railway\",\"icon\":\"\",\"name\":\"Train Schedule\"},{\"package\":\"org.alfresco.mobile.android.samples\",\"icon\":\"\",\"name\":\"SDK Samples\"},{\"package\":\"org.simalliance.openmobileapi.service\",\"icon\":\"\",\"name\":\"SmartcardService\"},{\"package\":\"org.zwanoo.android.speedtest\",\"icon\":\"\",\"name\":\"Speed Test\"},{\"package\":\"sachith.com.dictionary.offline\",\"icon\":\"\",\"name\":\"Sinhala Dictionary Offline\"},{\"package\":\"tv.peel.samsung.app\",\"icon\":\"\",\"name\":\"Samsung WatchON\"}]','502A','Get All Applications'),
	(8634,-1,'shan@wso2mobile.com',85,'\"hi\"','R','4/10/2013 @ 18:51:31','4/10/2013 @ 18:51:38','{\"totalupload\":\"243.71\",\"appdata\":\"[{},{},{},{},{},{},{},{},{\\\"package\\\":\\\"com.android.providers.media\\\",\\\"download\\\":39.5,\\\"upload\\\":0.02,\\\"name\\\":\\\"Media Storage\\\"},{},{},{},{},{},{},{},{},{},{},{},{},{},{\\\"package\\\":\\\"com.android.chrome\\\",\\\"download\\\":12.2,\\\"upload\\\":0.7,\\\"name\\\":\\\"Chrome\\\"},{},{},{},{},{},{},{},{},{},{},{},{},{},{},{},{},{},{},{},{},{},{},{},{\\\"package\\\":\\\"com.sec.android.widgetapp.ap.hero.accuweather\\\",\\\"download\\\":0.03,\\\"upload\\\":0,\\\"name\\\":\\\"Weather Widget\\\"},{},{},{},{},{},{},{\\\"package\\\":\\\"com.android.vending\\\",\\\"download\\\":0.85,\\\"upload\\\":0.61,\\\"name\\\":\\\"Google Play Store\\\"},{},{},{\\\"package\\\":\\\"com.google.android.apps.plus\\\",\\\"download\\\":0.49,\\\"upload\\\":0.16,\\\"name\\\":\\\"Google \\\"},{},{},{},{},{},{},{\\\"package\\\":\\\"tv.peel.samsung.app\\\",\\\"download\\\":0,\\\"upload\\\":0,\\\"name\\\":\\\"Samsung WatchON\\\"},{},{},{},{},{},{},{},{},{},{},{},{},{},{},{},{},{},{},{},{},{},{},{},{},{},{},{\\\"package\\\":\\\"com.google.android.syncadapters.calendar\\\",\\\"download\\\":0.01,\\\"upload\\\":0,\\\"name\\\":\\\"Google Calendar Sync\\\"},{\\\"package\\\":\\\"com.google.android.syncadapters.contacts\\\",\\\"download\\\":1.05,\\\"upload\\\":0.38,\\\"name\\\":\\\"Google Contacts Sync\\\"},{},{},{},{},{},{},{},{},{\\\"package\\\":\\\"com.sec.android.fotaclient\\\",\\\"download\\\":0,\\\"upload\\\":0,\\\"name\\\":\\\"Software update\\\"},{},{\\\"package\\\":\\\"com.google.android.apps.maps\\\",\\\"download\\\":1.38,\\\"upload\\\":0.11,\\\"name\\\":\\\"Maps\\\"},{},{},{\\\"package\\\":\\\"com.google.android.gm\\\",\\\"download\\\":0.81,\\\"upload\\\":0.34,\\\"name\\\":\\\"Gmail\\\"},{},{},{},{},{},{},{},{\\\"package\\\":\\\"flipboard.app\\\",\\\"download\\\":3.29,\\\"upload\\\":0.07,\\\"name\\\":\\\"Flipboard\\\"},{},{},{},{},{},{},{},{},{\\\"package\\\":\\\"com.wso2.wso2con.mobile\\\",\\\"download\\\":2.57,\\\"upload\\\":0.21,\\\"name\\\":\\\"WSO2Con\\\"},{\\\"package\\\":\\\"com.sec.android.daemonapp\\\",\\\"download\\\":0.77,\\\"upload\\\":0.02,\\\"name\\\":\\\"Unified Daemon(EUR)\\\"},{},{},{},{\\\"package\\\":\\\"com.google.android.googlequicksearchbox\\\",\\\"download\\\":0.07,\\\"upload\\\":0.01,\\\"name\\\":\\\"Google Search\\\"},{},{},{},{},{},{},{},{},{},{},{},{},{\\\"package\\\":\\\"com.samsung.android.widgetapp.briefing4x2\\\",\\\"download\\\":0.01,\\\"upload\\\":0,\\\"name\\\":\\\"Briefing\\\"},{},{},{},{},{},{},{},{},{},{},{},{},{},{},{},{},{},{},{},{},{},{},{},{},{},{\\\"package\\\":\\\"com.vlingo.midas\\\",\\\"download\\\":0.01,\\\"upload\\\":0,\\\"name\\\":\\\"S Voice\\\"},{},{},{},{},{},{},{},{},{\\\"package\\\":\\\"com.sec.spp.push\\\",\\\"download\\\":0.28,\\\"upload\\\":0.08,\\\"name\\\":\\\"Samsung Push Service\\\"},{\\\"package\\\":\\\"com.sec.android.app.samsungapps\\\",\\\"download\\\":0.02,\\\"upload\\\":0.01,\\\"name\\\":\\\"Samsung Apps\\\"},{},{},{},{},{},{},{\\\"package\\\":\\\"com.antivirus\\\",\\\"download\\\":0.04,\\\"upload\\\":0.03,\\\"name\\\":\\\"AntiVirus\\\"},{},{},{},{\\\"package\\\":\\\"com.apksoftware.compass\\\",\\\"download\\\":0.01,\\\"upload\\\":0.01,\\\"name\\\":\\\"Compass\\\"},{},{},{},{\\\"package\\\":\\\"com.twitter.android\\\",\\\"download\\\":0.1,\\\"upload\\\":0.03,\\\"name\\\":\\\"Twitter\\\"},{},{\\\"package\\\":\\\"com.codingcaveman.SoloTrial\\\",\\\"download\\\":0.02,\\\"upload\\\":0.01,\\\"name\\\":\\\"Solo Lite\\\"},{},{},{},{},{\\\"package\\\":\\\"com.dailymotion.dailymotion\\\",\\\"download\\\":3.76,\\\"upload\\\":0.48,\\\"name\\\":\\\"Dailymotion\\\"},{},{},{},{},{},{},{\\\"package\\\":\\\"com.imdb.mobile\\\",\\\"download\\\":0.16,\\\"upload\\\":0.04,\\\"name\\\":\\\"IMDb\\\"},{\\\"package\\\":\\\"sachith.com.dictionary.offline\\\",\\\"download\\\":0.01,\\\"upload\\\":0.01,\\\"name\\\":\\\"Sinhala Dictionary Offline\\\"},{},{},{},{\\\"package\\\":\\\"com.linkedin.android\\\",\\\"download\\\":0.01,\\\"upload\\\":0,\\\"name\\\":\\\"LinkedIn\\\"},{\\\"package\\\":\\\"com.viber.voip\\\",\\\"download\\\":0.03,\\\"upload\\\":0.03,\\\"name\\\":\\\"Viber\\\"},{},{},{},{},{},{},{},{},{},{},{},{},{},{\\\"package\\\":\\\"com.netqin.mm\\\",\\\"download\\\":0,\\\"upload\\\":0,\\\"name\\\":\\\"Call Blocker\\\"},{},{},{},{},{},{\\\"package\\\":\\\"com.google.android.youtube\\\",\\\"download\\\":0.06,\\\"upload\\\":0.03,\\\"name\\\":\\\"YouTube\\\"},{\\\"package\\\":\\\"com.sec.android.sCloudSyncSNote\\\",\\\"download\\\":0.06,\\\"upload\\\":0.02,\\\"name\\\":\\\"Samsung SNote SyncAdapter\\\"},{},{},{},{},{},{},{\\\"package\\\":\\\"com.facebook.katana\\\",\\\"download\\\":5.61,\\\"upload\\\":1.32,\\\"name\\\":\\\"Facebook\\\"},{\\\"package\\\":\\\"com.joelapenna.foursquared\\\",\\\"download\\\":4.55,\\\"upload\\\":0.3,\\\"name\\\":\\\"Foursquare\\\"},{},{},{\\\"package\\\":\\\"com.cleanmaster.mguard\\\",\\\"download\\\":0.01,\\\"upload\\\":0.01,\\\"name\\\":\\\"Clean Master\\\"},{},{},{},{},{},{\\\"package\\\":\\\"com.wso2.wso2mobilevault\\\",\\\"download\\\":2.75,\\\"upload\\\":0.12,\\\"name\\\":\\\"WSO2Mobile Vault\\\"},{},{},{},{},{},{\\\"package\\\":\\\"com.gau.go.launcherex.gowidget.taskmanagerex\\\",\\\"download\\\":0,\\\"upload\\\":0.02,\\\"name\\\":\\\"GO TaskManager EX\\\"},{},{},{\\\"package\\\":\\\"com.outlook.Z7\\\",\\\"download\\\":0.02,\\\"upload\\\":0.08,\\\"name\\\":\\\"Outlook.com\\\"},{},{},{},{},{},{\\\"package\\\":\\\"com.yahoo.mobile.client.android.mail\\\",\\\"download\\\":0.32,\\\"upload\\\":0.29,\\\"name\\\":\\\"Y! Mail\\\"},{},{},{},{},{},{},{\\\"package\\\":\\\"com.wssyncmldm\\\",\\\"download\\\":0.11,\\\"upload\\\":0.02,\\\"name\\\":\\\"Software update\\\"},{}]\",\"totaldownload\":\"40.75\"}','516A','Track Data Usage'),
	(8635,-1,'shan@wso2mobile.com',85,'{}','R','4/10/2013 @ 18:57:17','4/10/2013 @ 18:57:19','null','503A','Device Lock'),
	(8636,-1,'shan@wso2mobile.com',85,'{\"type\" : \"Enterprise\", \"identity\" : \"http://192.168.1.157:9763/publisher/upload/JABfyWSO2PhoneDirectory.apk\"}','R','4/10/2013 @ 19:9:7','4/10/2013 @ 19:9:9','null','509A','Install Application'),
	(8637,-1,'dulitha',1,'\"hi\"','P','5/10/2013 @ 12:29:47',NULL,NULL,'500A','Device Information'),
	(8638,-1,'dulitha',1,'\"hi\"','P','5/10/2013 @ 12:29:49',NULL,NULL,'502A','Get All Applications'),
	(8639,-1,'dulitha',1,'\"hi\"','R','5/10/2013 @ 12:29:49','5/10/2013 @ 12:32:34','{\"totalupload\":\"0.11\",\"appdata\":\"[{},{},{},{},{},{},{},{},{},{},{},{},{},{},{},{},{},{},{},{\\\"package\\\":\\\"com.google.android.syncadapters.contacts\\\",\\\"download\\\":0.01,\\\"upload\\\":0,\\\"name\\\":\\\"Google Contacts Sync\\\"},{},{},{},{},{},{},{},{},{},{},{},{},{},{},{\\\"package\\\":\\\"com.mdm\\\",\\\"download\\\":0,\\\"upload\\\":0,\\\"name\\\":\\\"WSO2 Agent\\\"},{},{},{},{},{},{},{},{},{},{},{},{},{},{},{},{},{},{},{},{},{},{},{},{},{},{},{},{},{},{},{},{},{},{},{},{},{},{},{},{},{},{},{},{},{},{},{},{},{},{},{},{},{},{},{},{},{},{},{},{},{},{},{},{},{},{},{\\\"package\\\":\\\"com.android.vending\\\",\\\"download\\\":0,\\\"upload\\\":0,\\\"name\\\":\\\"Google Play Store\\\"},{},{},{},{},{},{},{},{},{},{},{},{},{},{},{},{},{},{},{},{},{},{},{},{},{},{},{},{},{},{},{},{},{},{},{},{},{},{},{},{},{},{},{},{},{},{},{\\\"package\\\":\\\"com.sonyericsson.textinput.uxp\\\",\\\"download\\\":0.03,\\\"upload\\\":0.04,\\\"name\\\":\\\"Xperia™ keyboard\\\"},{},{},{},{},{},{},{},{},{},{},{},{},{\\\"package\\\":\\\"com.google.android.youtube\\\",\\\"download\\\":0,\\\"upload\\\":0,\\\"name\\\":\\\"YouTube\\\"},{},{},{},{},{},{},{},{},{},{\\\"package\\\":\\\"com.facebook.katana\\\",\\\"download\\\":0.01,\\\"upload\\\":0.01,\\\"name\\\":\\\"Facebook\\\"},{},{},{},{},{},{},{},{},{},{},{},{},{},{},{},{},{},{},{},{},{},{}]\",\"totaldownload\":\"0.1\"}','516A','Track Data Usage'),
	(8640,-1,'dulitha@wso2.com',2,'\"hi\"','R','5/10/2013 @ 12:33:8','5/10/2013 @ 12:33:10','{\"internal_memory\":{\"total\":1.97,\"available\":1.21},\"location_obj\":{\"longitude\":0,\"latitude\":0},\"external_memory\":{\"total\":11.26,\"available\":10.44},\"operator\":[\"Mobitel\"],\"battery\":{\"level\":74}}','500A','Device Information'),
	(8641,-1,'dulitha@wso2.com',2,'\"hi\"','R','5/10/2013 @ 12:33:9','5/10/2013 @ 12:33:12','[{\"package\":\"android\",\"icon\":\"\",\"name\":\"Android System\"},{\"package\":\"android.res.overlay\",\"icon\":\"\",\"name\":\"android.res.overlay\"},{\"package\":\"com.aastocks.dzh\",\"icon\":\"\",\"name\":\"AASTOCKS\"},{\"package\":\"com.adaderana.tv.phone\",\"icon\":\"\",\"name\":\"TV Derana\"},{\"package\":\"com.android.apps.tag\",\"icon\":\"\",\"name\":\"Tags\"},{\"package\":\"com.android.backupconfirm\",\"icon\":\"\",\"name\":\"com.android.backupconfirm\"},{\"package\":\"com.android.bluetooth\",\"icon\":\"\",\"name\":\"Bluetooth Share\"},{\"package\":\"com.android.browser\",\"icon\":\"\",\"name\":\"Browser\"},{\"package\":\"com.android.browser.res.overlay\",\"icon\":\"\",\"name\":\"com.android.browser.res.overlay\"},{\"package\":\"com.android.calendar\",\"icon\":\"\",\"name\":\"Calendar\"}]','502A','Get All Applications'),
	(8642,-1,'dulitha@wso2.com',2,'\"hi\"','R','5/10/2013 @ 12:33:10','5/10/2013 @ 12:33:12','{\"totalupload\":\"0.12\",\"appdata\":\"[{},{},{},{},{},{},{},{},{},{},{},{},{},{},{},{},{},{},{},{\\\"package\\\":\\\"com.google.android.syncadapters.contacts\\\",\\\"download\\\":0.01,\\\"upload\\\":0,\\\"name\\\":\\\"Google Contacts Sync\\\"},{},{},{},{},{},{},{},{},{},{},{},{},{},{},{\\\"package\\\":\\\"com.mdm\\\",\\\"download\\\":0,\\\"upload\\\":0.01,\\\"name\\\":\\\"WSO2 Agent\\\"},{},{},{},{},{},{},{},{},{},{},{},{},{},{},{},{},{},{},{},{},{},{},{},{},{},{},{},{},{},{},{},{},{},{},{},{},{},{},{},{},{},{},{},{},{},{},{},{},{},{},{},{},{},{},{},{},{},{},{},{},{},{},{},{},{},{},{\\\"package\\\":\\\"com.android.vending\\\",\\\"download\\\":0,\\\"upload\\\":0,\\\"name\\\":\\\"Google Play Store\\\"},{},{},{},{},{},{},{},{},{},{},{},{},{},{},{},{},{},{},{},{},{},{},{},{},{},{},{},{},{},{},{},{},{},{},{},{},{},{},{},{},{},{},{},{},{},{},{\\\"package\\\":\\\"com.sonyericsson.textinput.uxp\\\",\\\"download\\\":0.04,\\\"upload\\\":0.04,\\\"name\\\":\\\"Xperia™ keyboard\\\"},{},{},{},{},{},{},{},{},{},{},{},{},{\\\"package\\\":\\\"com.google.android.youtube\\\",\\\"download\\\":0,\\\"upload\\\":0,\\\"name\\\":\\\"YouTube\\\"},{},{},{},{},{},{},{},{},{},{\\\"package\\\":\\\"com.facebook.katana\\\",\\\"download\\\":0.01,\\\"upload\\\":0.01,\\\"name\\\":\\\"Facebook\\\"},{},{},{},{},{},{},{},{},{},{},{},{},{},{},{},{},{},{},{},{},{},{}]\",\"totaldownload\":\"0.11\"}','516A','Track Data Usage'),
	(8643,-1,'dulitha@wso2.com',2,'{}','P','5/10/2013 @ 12:38:54',NULL,NULL,'503A','Device Lock'),
	(8644,-1,'dulitha@wso2.com',2,'{}','R','5/10/2013 @ 12:38:55','5/10/2013 @ 12:39:0','null','503A','Device Lock'),
	(8645,-1,'dulitha@wso2.com',2,'{\"type\" : \"Enterprise\", \"identity\" : \"http://192.168.1.157:9763/publisher/upload/5PNWLWSO2PhoneDirectory.apk\"}','R','5/10/2013 @ 13:8:55','5/10/2013 @ 13:9:9','null','509A','Install Application'),
	(8646,-1,'dulitha@wso2.com',2,'{\"type\" : \"Enterprise\", \"identity\" : \"http://10.100.0.151:9763/publisher/upload/5PNWLWSO2PhoneDirectory.apk\"}','R','5/10/2013 @ 13:15:18','5/10/2013 @ 13:15:44','null','509A','Install Application'),
	(8647,1,'dulitha',3,'\"hi\"','D','5/10/2013 @ 15:24:9',NULL,NULL,'500A','Device Information'),
	(8648,1,'dulitha',3,'\"hi\"','R','5/10/2013 @ 15:24:10','5/10/2013 @ 15:24:19','{\"AvailableDeviceCapacity\":\"0.40785980224609375\",\"BatteryLevel\":\"0.94999998807907104\",\"BluetoothMAC\":\"30:f7:c5:81:fb:14\",\"BuildVersion\":\"11A501\",\"CarrierSettingsVersion\":\"15.0\",\"CellularTechnology\":\"1\",\"CurrentCarrierNetwork\":\"Mobitel\",\"CurrentMCC\":\"413\",\"CurrentMNC\":\"01\",\"DataRoamingEnabled\":\"\",\"DeviceCapacity\":\"13.321331024169922\",\"DeviceName\":\"Dulitha\'s iPhone\",\"ICCID\":\"8994 0102 1159 7002 0123\",\"IMEI\":\"01 342300 171960 7\",\"IsRoaming\":\"\",\"Model\":\"MD294LL\",\"ModelName\":\"iPhone\",\"ModemFirmwareVersion\":\"5.00.01\",\"OSVersion\":\"7.0.2\",\"PhoneNumber\":\"+94712112165\",\"ProductName\":\"iPhone5,1\",\"SIMCarrierNetwork\":\"Carrier\",\"SIMMCC\":\"413\",\"SIMMNC\":\"01\",\"SerialNumber\":\"DNQJVU4QDTTP\",\"SubscriberCarrierNetwork\":\"Carrier\",\"SubscriberMCC\":\"413\",\"UDID\":\"896903fa71cca44856f9a8b2176c9b6e5d5e99d3\",\"WiFiMAC\":\"30:f7:c5:81:fb:13\"}','500A','Device Information'),
	(8649,1,'dulitha',3,'\"hi\"','D','5/10/2013 @ 15:24:13',NULL,NULL,'502A','Get All Applications'),
	(8650,1,'dulitha',3,'\"hi\"','R','5/10/2013 @ 15:24:14','5/10/2013 @ 15:24:25','[{\"BundleSize\":\"20307968\",\"DynamicSize\":\"8155136\",\"Identifier\":\"com.yourextralife.yel\",\"Name\":\"ExtraLife\",\"ShortVersion\":\"1.0.1\",\"Version\":\"1.0.1.227\"},{\"BundleSize\":\"18698240\",\"DynamicSize\":\"43585536\",\"Identifier\":\"com.tumblr.tumblr\",\"Name\":\"Tumblr\",\"ShortVersion\":\"3.4.3\",\"Version\":\"171\"},{\"BundleSize\":\"12578816\",\"DynamicSize\":\"86970368\",\"Identifier\":\"com.apple.podcasts\",\"Name\":\"Podcasts\",\"ShortVersion\":\"1.2.3\",\"Version\":\"356\"},{\"BundleSize\":\"15323136\",\"DynamicSize\":\"1912832\",\"Identifier\":\"com.sriver.96e1300e284d0f80fe549fead189d836\",\"Name\":\"History Today\",\"ShortVersion\":\"4.7.0\",\"Version\":\"4.7.0\"},{\"BundleSize\":\"4804608\",\"DynamicSize\":\"6000640\",\"Identifier\":\"com.condenet.reddit\",\"Name\":\"iReddit\",\"ShortVersion\":\"2.1.5\",\"Version\":\"2.1.5\"},{\"BundleSize\":\"913408\",\"DynamicSize\":\"208896\",\"Identifier\":\"com.loudstripe.composed\",\"Name\":\"Composed\",\"ShortVersion\":\"1.0\",\"Version\":\"1.0\"},{\"BundleSize\":\"32309248\",\"DynamicSize\":\"19193856\",\"Identifier\":\"com.naveenium.foursquare\",\"Name\":\"Foursquare\",\"Version\":\"6.3\"},{\"BundleSize\":\"37126144\",\"DynamicSize\":\"1560576\",\"Identifier\":\"com.lumoslabs.Lumosity\",\"Name\":\"Lumosity\",\"ShortVersion\":\"2.71\",\"Version\":\"2047\"},{\"BundleSize\":\"8691712\",\"DynamicSize\":\"434176\",\"Identifier\":\"com.spacestation6.dunno\",\"Name\":\"Dunno\",\"ShortVersion\":\"1.5.1\",\"Version\":\"1.5.1\"},{\"BundleSize\":\"69595136\",\"DynamicSize\":\"8192\",\"Identifier\":\"com.spotify.client\",\"Name\":\"Spotify\",\"ShortVersion\":\"0.7.6\",\"Version\":\"70600037\"},{\"BundleSize\":\"1146880\",\"DynamicSize\":\"196608\",\"Identifier\":\"com.orkestra.count-do\",\"Name\":\"count.do\",\"ShortVersion\":\"1.4\",\"Version\":\"1.4\"},{\"BundleSize\":\"9703424\",\"DynamicSize\":\"765952\",\"Identifier\":\"com.dreamboard.mobile\",\"Name\":\"Dreamboard\",\"ShortVersion\":\"1.3.8\",\"Version\":\"1.3.8\"},{\"BundleSize\":\"40116224\",\"DynamicSize\":\"692224\",\"Identifier\":\"com.yourcompany.PPClient\",\"Name\":\"PayPal\",\"ShortVersion\":\"5.0.1\",\"Version\":\"5.0.1\"},{\"BundleSize\":\"7589888\",\"DynamicSize\":\"450560\",\"Identifier\":\"com.xe.XECurrency\",\"Name\":\"Currency\",\"Version\":\"3.22\"},{\"BundleSize\":\"7479296\",\"DynamicSize\":\"1896448\",\"Identifier\":\"com.mixcloud.iphone\",\"Name\":\"Mixcloud\",\"ShortVersion\":\"2.3.1\",\"Version\":\"14\"},{\"BundleSize\":\"21262336\",\"DynamicSize\":\"4665344\",\"Identifier\":\"com.nwplyng.-nwplyng\",\"Name\":\"nwplyng\",\"ShortVersion\":\"2.2.2\",\"Version\":\"2.2.2\"},{\"BundleSize\":\"40869888\",\"DynamicSize\":\"12394496\",\"Identifier\":\"com.google.chrome.ios\",\"Name\":\"Chrome\",\"ShortVersion\":\"30.1599.16\",\"Version\":\"30.0.1599.16\"},{\"BundleSize\":\"21118976\",\"DynamicSize\":\"8957952\",\"Identifier\":\"com.aol.mobile.techcrunch\",\"Name\":\"TechCrunch\",\"ShortVersion\":\"2.0.5\",\"Version\":\"2.0.5.14\"},{\"BundleSize\":\"2953216\",\"DynamicSize\":\"16384\",\"Identifier\":\"epic.ntb\",\"Name\":\"NTB\",\"ShortVersion\":\"1.02\",\"Version\":\"1.0.2\"},{\"BundleSize\":\"15687680\",\"DynamicSize\":\"11952128\",\"Identifier\":\"com.vine.iphone\",\"Name\":\"Vine\",\"ShortVersion\":\"1.3.4\",\"Version\":\"1.3.4\"},{\"BundleSize\":\"37310464\",\"DynamicSize\":\"33828864\",\"Identifier\":\"com.facebook.Messenger\",\"Name\":\"Messenger\",\"ShortVersion\":\"2.6\",\"Version\":\"286536\"},{\"BundleSize\":\"32292864\",\"DynamicSize\":\"1097728\",\"Identifier\":\"pinterest\",\"Name\":\"Pinterest\",\"ShortVersion\":\"2.6.2\",\"Version\":\"2.6.2\"},{\"BundleSize\":\"32305152\",\"DynamicSize\":\"5160960\",\"Identifier\":\"com.ebay.iphone\",\"Name\":\"eBay\",\"ShortVersion\":\"3.0.2\",\"Version\":\"3.0.2\"},{\"BundleSize\":\"41836544\",\"DynamicSize\":\"3948544\",\"Identifier\":\"RunKeeperPro\",\"Name\":\"RunKeeper\",\"ShortVersion\":\"4.0.2\",\"Version\":\"4.0.2\"},{\"BundleSize\":\"14118912\",\"DynamicSize\":\"3399680\",\"Identifier\":\"com.google.hangouts\",\"Name\":\"Hangouts\",\"ShortVersion\":\"1.2.0\",\"Version\":\"1.2.0.3121\"},{\"BundleSize\":\"22667264\",\"DynamicSize\":\"7483392\",\"Identifier\":\"com.apple.Remote\",\"Name\":\"Remote\",\"ShortVersion\":\"3.0.1\",\"Version\":\"599.20\"},{\"BundleSize\":\"47046656\",\"DynamicSize\":\"5398528\",\"Identifier\":\"com.google.Drive\",\"Name\":\"Drive\",\"ShortVersion\":\"2.0.1\",\"Version\":\"2.0.1.11175\"},{\"BundleSize\":\"10403840\",\"DynamicSize\":\"2846720\",\"Identifier\":\"com.apptomic.bugspray\",\"Name\":\"Bug Spray\",\"ShortVersion\":\"2.3\",\"Version\":\"2.3\"},{\"BundleSize\":\"4087808\",\"DynamicSize\":\"356352\",\"Identifier\":\"com.elevatrapp.elevatr\",\"Name\":\"Elevatr\",\"ShortVersion\":\"1.02.1\",\"Version\":\"758\"},{\"BundleSize\":\"46178304\",\"DynamicSize\":\"2629632\",\"Identifier\":\"com.foxitcorporation.reader\",\"Name\":\"Foxit PDF\",\"ShortVersion\":\"3.1.1\",\"Version\":\"3.1.1.0807\"},{\"BundleSize\":\"18063360\",\"DynamicSize\":\"499712\",\"Identifier\":\"com.rememberthemilk.mobilertm\",\"Name\":\"RTM\",\"ShortVersion\":\"3.0.3\",\"Version\":\"3.0.3\"},{\"BundleSize\":\"315392\",\"DynamicSize\":\"8192\",\"Identifier\":\"com.billsnotepad.resistor\",\"Name\":\"Resistor Color Code\",\"ShortVersion\":\"1.1\",\"Version\":\"1.1\"},{\"BundleSize\":\"17977344\",\"DynamicSize\":\"8192\",\"Identifier\":\"com.google.ios.youtube\",\"Name\":\"YouTube\",\"ShortVersion\":\"2.1.0\",\"Version\":\"2.1.0.9079\"},{\"BundleSize\":\"13524992\",\"DynamicSize\":\"11022336\",\"Identifier\":\"com.melodis.soundhound.free\",\"Name\":\"SoundHound\",\"Version\":\"5.3.3\"},{\"BundleSize\":\"41402368\",\"DynamicSize\":\"6037504\",\"Identifier\":\"com.vtechnologyjsc.ringtoneplus\",\"Name\":\"Ringtone+++\",\"Version\":\"2.0\"},{\"BundleSize\":\"22786048\",\"DynamicSize\":\"20680704\",\"Identifier\":\"com.ideashower.ReadItLaterPro\",\"Name\":\"Pocket\",\"ShortVersion\":\"4.6\",\"Version\":\"4.6\"},{\"BundleSize\":\"5943296\",\"DynamicSize\":\"5894144\",\"Identifier\":\"com.robohippo.hipporemote.lite\",\"Name\":\"Hippo LITE\",\"ShortVersion\":\"2.4\",\"Version\":\"2.4\"},{\"BundleSize\":\"9601024\",\"DynamicSize\":\"7819264\",\"Identifier\":\"com.wso2mobile.wso2con.mobile\",\"Name\":\"WSO2Con\",\"ShortVersion\":\"1.0.0\",\"Version\":\"1.1\"},{\"BundleSize\":\"33984512\",\"DynamicSize\":\"1888256\",\"Identifier\":\"com.innopage.worthy\",\"Name\":\"Worthy\",\"ShortVersion\":\"2.0.3\",\"Version\":\"2.3\"},{\"BundleSize\":\"9592832\",\"DynamicSize\":\"753664\",\"Identifier\":\"com.gpl.dailycost\",\"Name\":\"DailyCost\",\"ShortVersion\":\"1.6.0\",\"Version\":\"2265\"},{\"BundleSize\":\"2322432\",\"DynamicSize\":\"1060864\",\"Identifier\":\"com.github.iceberg\",\"Name\":\"Issues\",\"ShortVersion\":\"1.0.6\",\"Version\":\"1.0.6\"},{\"BundleSize\":\"43229184\",\"DynamicSize\":\"12759040\",\"Identifier\":\"com.path.Path\",\"Name\":\"Path\",\"Version\":\"3.2.1\"},{\"BundleSize\":\"56143872\",\"DynamicSize\":\"22216704\",\"Identifier\":\"com.apple.iBooks\",\"Name\":\"iBooks\",\"ShortVersion\":\"3.1.3\",\"Version\":\"1929\"},{\"BundleSize\":\"14045184\",\"DynamicSize\":\"8192\",\"Identifier\":\"com.google.Gmail\",\"Name\":\"Gmail\",\"ShortVersion\":\"2.4.2\",\"Version\":\"2.4.2.15068\"},{\"BundleSize\":\"36630528\",\"DynamicSize\":\"3616768\",\"Identifier\":\"com.apple.itunesu\",\"Name\":\"iTunes U\",\"ShortVersion\":\"1.3.1\",\"Version\":\"744\"},{\"BundleSize\":\"93245440\",\"DynamicSize\":\"3264512\",\"Identifier\":\"com.imangi.templerun2\",\"Name\":\"Temple Run 2\",\"Version\":\"1.2.1\"},{\"BundleSize\":\"16855040\",\"DynamicSize\":\"7806976\",\"Identifier\":\"com.timehop.ios.Timehop\",\"Name\":\"Timehop\",\"ShortVersion\":\"1.7.0\",\"Version\":\"1.7.0\"},{\"BundleSize\":\"21159936\",\"DynamicSize\":\"47828992\",\"Identifier\":\"com.atebits.Tweetie2\",\"Name\":\"Twitter\",\"ShortVersion\":\"5.11.1\",\"Version\":\"5.11.1\"},{\"BundleSize\":\"13475840\",\"DynamicSize\":\"17981440\",\"Identifier\":\"st.evr.everest\",\"Name\":\"Everest\",\"ShortVersion\":\"1.3.3\",\"Version\":\"14\"},{\"BundleSize\":\"8204288\",\"DynamicSize\":\"2224128\",\"Identifier\":\"com.designshed.jasmine\",\"Name\":\"Jasmine\",\"ShortVersion\":\"1.1.1\",\"Version\":\"1.1.1\"},{\"BundleSize\":\"9285632\",\"DynamicSize\":\"282624\",\"Identifier\":\"com.stagebloc.mirrorgramapp\",\"Name\":\"Mirrorgram\",\"ShortVersion\":\"1.3.1\",\"Version\":\"5\"},{\"BundleSize\":\"16703488\",\"DynamicSize\":\"249856\",\"Identifier\":\"stumbleupon\",\"Name\":\"StumbleUpon\",\"ShortVersion\":\"3.3.3\",\"Version\":\"3.3.3\"},{\"BundleSize\":\"21331968\",\"DynamicSize\":\"262144\",\"Identifier\":\"org.videolan.vlc-ios\",\"Name\":\"VLC\",\"ShortVersion\":\"2.1.1\",\"Version\":\"2.1.1\"},{\"BundleSize\":\"17723392\",\"DynamicSize\":\"20615168\",\"Identifier\":\"com.meetup.iphone\",\"Name\":\"Meetup\",\"ShortVersion\":\"3.1.3\",\"Version\":\"38548.048\"},{\"BundleSize\":\"19218432\",\"DynamicSize\":\"18030592\",\"Identifier\":\"com.burbn.instagram\",\"Name\":\"Instagram\",\"ShortVersion\":\"4.2.0\",\"Version\":\"372285\"},{\"BundleSize\":\"50311168\",\"DynamicSize\":\"2895872\",\"Identifier\":\"com.evernote.food\",\"Name\":\"Food\",\"ShortVersion\":\"2.3.0\",\"Version\":\"2.3.0\"},{\"BundleSize\":\"11374592\",\"DynamicSize\":\"950272\",\"Identifier\":\"com.rpatechnology.airmouse\",\"Name\":\"Mobile Mouse\",\"ShortVersion\":\"2.7.1\",\"Version\":\"2.7.1\"},{\"BundleSize\":\"30748672\",\"DynamicSize\":\"14954496\",\"Identifier\":\"com.google.GoogleMobile\",\"Name\":\"Google\",\"ShortVersion\":\"3.0.2\",\"Version\":\"3.0.2.20993\"},{\"BundleSize\":\"34988032\",\"DynamicSize\":\"12320768\",\"Identifier\":\"com.ihandysoft.flashlight.free\",\"Name\":\"Flashlight\",\"Version\":\"2.1.3\"},{\"BundleSize\":\"10145792\",\"DynamicSize\":\"6701056\",\"Identifier\":\"com.thomsonreuters.Reuters\",\"Name\":\"Reuters\",\"ShortVersion\":\"1.4\",\"Version\":\"1.4\"},{\"BundleSize\":\"30502912\",\"DynamicSize\":\"929792\",\"Identifier\":\"com.evernote.hello\",\"Name\":\"Hello\",\"ShortVersion\":\"2.2.2\",\"Version\":\"2.2.2\"},{\"BundleSize\":\"71245824\",\"DynamicSize\":\"64229376\",\"Identifier\":\"com.facebook.Facebook\",\"Name\":\"Facebook\",\"ShortVersion\":\"6.5\",\"Version\":\"362526\"},{\"BundleSize\":\"25264128\",\"DynamicSize\":\"4153344\",\"Identifier\":\"com.imdb.imdb\",\"Name\":\"IMDb\",\"ShortVersion\":\"3.4\",\"Version\":\"3.0.1502.0\"},{\"BundleSize\":\"5246976\",\"DynamicSize\":\"8192\",\"Identifier\":\"tw.com.quickmark.classic\",\"Name\":\"QR Code\",\"ShortVersion\":\"1.2.2\",\"Version\":\"1.2.2\"},{\"BundleSize\":\"10096640\",\"DynamicSize\":\"241664\",\"Identifier\":\"com.apple.airport.mobileairportutility\",\"Name\":\"AirPort\",\"ShortVersion\":\"1.3.1\",\"Version\":\"131.1\"},{\"BundleSize\":\"20242432\",\"DynamicSize\":\"16171008\",\"Identifier\":\"com.getdropbox.Dropbox\",\"Name\":\"Dropbox\",\"ShortVersion\":\"2.3\",\"Version\":\"2.3\"},{\"BundleSize\":\"38535168\",\"DynamicSize\":\"13852672\",\"Identifier\":\"com.linkedin.LinkedIn\",\"Name\":\"LinkedIn\",\"ShortVersion\":\"74\",\"Version\":\"6.1\"},{\"BundleSize\":\"12095488\",\"DynamicSize\":\"933888\",\"Identifier\":\"com.urbandictionary.iphone\",\"Name\":\"UrbanDict\",\"Version\":\"1.2\"},{\"BundleSize\":\"55558144\",\"DynamicSize\":\"1843200\",\"Identifier\":\"com.fungames.snipershooter\",\"Name\":\"SniperShooter\",\"ShortVersion\":\"2.1\",\"Version\":\"2.1\"},{\"BundleSize\":\"8409088\",\"DynamicSize\":\"1118208\",\"Identifier\":\"com.liftworldwide.Lift\",\"Name\":\"Lift\",\"ShortVersion\":\"1.7.2\",\"Version\":\"1.7.2.2935\"},{\"BundleSize\":\"34041856\",\"DynamicSize\":\"10375168\",\"Identifier\":\"com.viber\",\"Name\":\"Viber\",\"Version\":\"3.1.3.3\"},{\"BundleSize\":\"56545280\",\"DynamicSize\":\"31563776\",\"Identifier\":\"com.evernote.iPhone.Evernote\",\"Name\":\"Evernote\",\"ShortVersion\":\"7.0.1\",\"Version\":\"304352\"},{\"BundleSize\":\"11292672\",\"DynamicSize\":\"1286144\",\"Identifier\":\"com.goodreads.Goodreads\",\"Name\":\"Goodreads\",\"ShortVersion\":\"2.2.5\",\"Version\":\"175\"},{\"BundleSize\":\"23080960\",\"DynamicSize\":\"2473984\",\"Identifier\":\"com.lexwarelabs.goodmorning\",\"Name\":\"Sleep Cycle\",\"ShortVersion\":\"4.1.1\",\"Version\":\"834\"},{\"BundleSize\":\"19271680\",\"DynamicSize\":\"3043328\",\"Identifier\":\"com.google.Maps\",\"Name\":\"Google Maps\",\"ShortVersion\":\"2.2.0\",\"Version\":\"2.2.0.12000\"},{\"BundleSize\":\"12820480\",\"DynamicSize\":\"970752\",\"Identifier\":\"shpe.ro.sonicRepellentFREE\",\"Name\":\"Sonic Repellent FREE\",\"ShortVersion\":\"1.3\",\"Version\":\"1.3.0\"}]','502A','Get All Applications'),
	(8651,1,'dulitha@wso2.com',3,'{}','R','5/10/2013 @ 15:25:46','5/10/2013 @ 15:25:53','','503A','Device Lock'),
	(8652,1,'dulitha@wso2.com',4,'\"hi\"','D','5/10/2013 @ 15:29:51',NULL,NULL,'500A','Device Information'),
	(8653,1,'dulitha@wso2.com',4,'\"hi\"','R','5/10/2013 @ 15:29:52','5/10/2013 @ 15:30:0','{\"AvailableDeviceCapacity\":\"0.410980224609375\",\"BatteryLevel\":\"0.94999998807907104\",\"BluetoothMAC\":\"30:f7:c5:81:fb:14\",\"BuildVersion\":\"11A501\",\"CarrierSettingsVersion\":\"15.0\",\"CellularTechnology\":\"1\",\"CurrentCarrierNetwork\":\"Mobitel\",\"CurrentMCC\":\"413\",\"CurrentMNC\":\"01\",\"DataRoamingEnabled\":\"\",\"DeviceCapacity\":\"13.321331024169922\",\"DeviceName\":\"Dulitha\'s iPhone\",\"ICCID\":\"8994 0102 1159 7002 0123\",\"IMEI\":\"01 342300 171960 7\",\"IsRoaming\":\"\",\"Model\":\"MD294LL\",\"ModelName\":\"iPhone\",\"ModemFirmwareVersion\":\"5.00.01\",\"OSVersion\":\"7.0.2\",\"PhoneNumber\":\"+94712112165\",\"ProductName\":\"iPhone5,1\",\"SIMCarrierNetwork\":\"Carrier\",\"SIMMCC\":\"413\",\"SIMMNC\":\"01\",\"SerialNumber\":\"DNQJVU4QDTTP\",\"SubscriberCarrierNetwork\":\"Carrier\",\"SubscriberMCC\":\"413\",\"UDID\":\"896903fa71cca44856f9a8b2176c9b6e5d5e99d3\",\"WiFiMAC\":\"30:f7:c5:81:fb:13\"}','500A','Device Information'),
	(8654,1,'dulitha@wso2.com',4,'\"hi\"','D','5/10/2013 @ 15:29:55',NULL,NULL,'502A','Get All Applications'),
	(8655,1,'dulitha@wso2.com',4,'\"hi\"','R','5/10/2013 @ 15:29:55','5/10/2013 @ 15:30:2','[{\"BundleSize\":\"20307968\",\"DynamicSize\":\"8155136\",\"Identifier\":\"com.yourextralife.yel\",\"Name\":\"ExtraLife\",\"ShortVersion\":\"1.0.1\",\"Version\":\"1.0.1.227\"},{\"BundleSize\":\"18698240\",\"DynamicSize\":\"43585536\",\"Identifier\":\"com.tumblr.tumblr\",\"Name\":\"Tumblr\",\"ShortVersion\":\"3.4.3\",\"Version\":\"171\"},{\"BundleSize\":\"12578816\",\"DynamicSize\":\"86970368\",\"Identifier\":\"com.apple.podcasts\",\"Name\":\"Podcasts\",\"ShortVersion\":\"1.2.3\",\"Version\":\"356\"},{\"BundleSize\":\"15323136\",\"DynamicSize\":\"1912832\",\"Identifier\":\"com.sriver.96e1300e284d0f80fe549fead189d836\",\"Name\":\"History Today\",\"ShortVersion\":\"4.7.0\",\"Version\":\"4.7.0\"},{\"BundleSize\":\"4804608\",\"DynamicSize\":\"6000640\",\"Identifier\":\"com.condenet.reddit\",\"Name\":\"iReddit\",\"ShortVersion\":\"2.1.5\",\"Version\":\"2.1.5\"},{\"BundleSize\":\"913408\",\"DynamicSize\":\"208896\",\"Identifier\":\"com.loudstripe.composed\",\"Name\":\"Composed\",\"ShortVersion\":\"1.0\",\"Version\":\"1.0\"},{\"BundleSize\":\"32309248\",\"DynamicSize\":\"19193856\",\"Identifier\":\"com.naveenium.foursquare\",\"Name\":\"Foursquare\",\"Version\":\"6.3\"},{\"BundleSize\":\"37126144\",\"DynamicSize\":\"1560576\",\"Identifier\":\"com.lumoslabs.Lumosity\",\"Name\":\"Lumosity\",\"ShortVersion\":\"2.71\",\"Version\":\"2047\"},{\"BundleSize\":\"8691712\",\"DynamicSize\":\"434176\",\"Identifier\":\"com.spacestation6.dunno\",\"Name\":\"Dunno\",\"ShortVersion\":\"1.5.1\",\"Version\":\"1.5.1\"},{\"BundleSize\":\"69595136\",\"DynamicSize\":\"8192\",\"Identifier\":\"com.spotify.client\",\"Name\":\"Spotify\",\"ShortVersion\":\"0.7.6\",\"Version\":\"70600037\"},{\"BundleSize\":\"1146880\",\"DynamicSize\":\"196608\",\"Identifier\":\"com.orkestra.count-do\",\"Name\":\"count.do\",\"ShortVersion\":\"1.4\",\"Version\":\"1.4\"},{\"BundleSize\":\"9703424\",\"DynamicSize\":\"765952\",\"Identifier\":\"com.dreamboard.mobile\",\"Name\":\"Dreamboard\",\"ShortVersion\":\"1.3.8\",\"Version\":\"1.3.8\"},{\"BundleSize\":\"40116224\",\"DynamicSize\":\"692224\",\"Identifier\":\"com.yourcompany.PPClient\",\"Name\":\"PayPal\",\"ShortVersion\":\"5.0.1\",\"Version\":\"5.0.1\"},{\"BundleSize\":\"7589888\",\"DynamicSize\":\"450560\",\"Identifier\":\"com.xe.XECurrency\",\"Name\":\"Currency\",\"Version\":\"3.22\"},{\"BundleSize\":\"7479296\",\"DynamicSize\":\"1896448\",\"Identifier\":\"com.mixcloud.iphone\",\"Name\":\"Mixcloud\",\"ShortVersion\":\"2.3.1\",\"Version\":\"14\"},{\"BundleSize\":\"21262336\",\"DynamicSize\":\"4665344\",\"Identifier\":\"com.nwplyng.-nwplyng\",\"Name\":\"nwplyng\",\"ShortVersion\":\"2.2.2\",\"Version\":\"2.2.2\"},{\"BundleSize\":\"40869888\",\"DynamicSize\":\"12394496\",\"Identifier\":\"com.google.chrome.ios\",\"Name\":\"Chrome\",\"ShortVersion\":\"30.1599.16\",\"Version\":\"30.0.1599.16\"},{\"BundleSize\":\"21118976\",\"DynamicSize\":\"8957952\",\"Identifier\":\"com.aol.mobile.techcrunch\",\"Name\":\"TechCrunch\",\"ShortVersion\":\"2.0.5\",\"Version\":\"2.0.5.14\"},{\"BundleSize\":\"2953216\",\"DynamicSize\":\"16384\",\"Identifier\":\"epic.ntb\",\"Name\":\"NTB\",\"ShortVersion\":\"1.02\",\"Version\":\"1.0.2\"},{\"BundleSize\":\"15687680\",\"DynamicSize\":\"11952128\",\"Identifier\":\"com.vine.iphone\",\"Name\":\"Vine\",\"ShortVersion\":\"1.3.4\",\"Version\":\"1.3.4\"},{\"BundleSize\":\"37310464\",\"DynamicSize\":\"33828864\",\"Identifier\":\"com.facebook.Messenger\",\"Name\":\"Messenger\",\"ShortVersion\":\"2.6\",\"Version\":\"286536\"},{\"BundleSize\":\"32292864\",\"DynamicSize\":\"1097728\",\"Identifier\":\"pinterest\",\"Name\":\"Pinterest\",\"ShortVersion\":\"2.6.2\",\"Version\":\"2.6.2\"},{\"BundleSize\":\"32305152\",\"DynamicSize\":\"5160960\",\"Identifier\":\"com.ebay.iphone\",\"Name\":\"eBay\",\"ShortVersion\":\"3.0.2\",\"Version\":\"3.0.2\"},{\"BundleSize\":\"41836544\",\"DynamicSize\":\"3948544\",\"Identifier\":\"RunKeeperPro\",\"Name\":\"RunKeeper\",\"ShortVersion\":\"4.0.2\",\"Version\":\"4.0.2\"},{\"BundleSize\":\"14118912\",\"DynamicSize\":\"3399680\",\"Identifier\":\"com.google.hangouts\",\"Name\":\"Hangouts\",\"ShortVersion\":\"1.2.0\",\"Version\":\"1.2.0.3121\"},{\"BundleSize\":\"22667264\",\"DynamicSize\":\"7483392\",\"Identifier\":\"com.apple.Remote\",\"Name\":\"Remote\",\"ShortVersion\":\"3.0.1\",\"Version\":\"599.20\"},{\"BundleSize\":\"47046656\",\"DynamicSize\":\"5398528\",\"Identifier\":\"com.google.Drive\",\"Name\":\"Drive\",\"ShortVersion\":\"2.0.1\",\"Version\":\"2.0.1.11175\"},{\"BundleSize\":\"10403840\",\"DynamicSize\":\"2846720\",\"Identifier\":\"com.apptomic.bugspray\",\"Name\":\"Bug Spray\",\"ShortVersion\":\"2.3\",\"Version\":\"2.3\"},{\"BundleSize\":\"4087808\",\"DynamicSize\":\"356352\",\"Identifier\":\"com.elevatrapp.elevatr\",\"Name\":\"Elevatr\",\"ShortVersion\":\"1.02.1\",\"Version\":\"758\"},{\"BundleSize\":\"46178304\",\"DynamicSize\":\"2629632\",\"Identifier\":\"com.foxitcorporation.reader\",\"Name\":\"Foxit PDF\",\"ShortVersion\":\"3.1.1\",\"Version\":\"3.1.1.0807\"},{\"BundleSize\":\"18063360\",\"DynamicSize\":\"499712\",\"Identifier\":\"com.rememberthemilk.mobilertm\",\"Name\":\"RTM\",\"ShortVersion\":\"3.0.3\",\"Version\":\"3.0.3\"},{\"BundleSize\":\"315392\",\"DynamicSize\":\"8192\",\"Identifier\":\"com.billsnotepad.resistor\",\"Name\":\"Resistor Color Code\",\"ShortVersion\":\"1.1\",\"Version\":\"1.1\"},{\"BundleSize\":\"17977344\",\"DynamicSize\":\"8192\",\"Identifier\":\"com.google.ios.youtube\",\"Name\":\"YouTube\",\"ShortVersion\":\"2.1.0\",\"Version\":\"2.1.0.9079\"},{\"BundleSize\":\"13524992\",\"DynamicSize\":\"11022336\",\"Identifier\":\"com.melodis.soundhound.free\",\"Name\":\"SoundHound\",\"Version\":\"5.3.3\"},{\"BundleSize\":\"41402368\",\"DynamicSize\":\"6037504\",\"Identifier\":\"com.vtechnologyjsc.ringtoneplus\",\"Name\":\"Ringtone+++\",\"Version\":\"2.0\"},{\"BundleSize\":\"22786048\",\"DynamicSize\":\"20680704\",\"Identifier\":\"com.ideashower.ReadItLaterPro\",\"Name\":\"Pocket\",\"ShortVersion\":\"4.6\",\"Version\":\"4.6\"},{\"BundleSize\":\"5943296\",\"DynamicSize\":\"5894144\",\"Identifier\":\"com.robohippo.hipporemote.lite\",\"Name\":\"Hippo LITE\",\"ShortVersion\":\"2.4\",\"Version\":\"2.4\"},{\"BundleSize\":\"9601024\",\"DynamicSize\":\"7819264\",\"Identifier\":\"com.wso2mobile.wso2con.mobile\",\"Name\":\"WSO2Con\",\"ShortVersion\":\"1.0.0\",\"Version\":\"1.1\"},{\"BundleSize\":\"33984512\",\"DynamicSize\":\"1888256\",\"Identifier\":\"com.innopage.worthy\",\"Name\":\"Worthy\",\"ShortVersion\":\"2.0.3\",\"Version\":\"2.3\"},{\"BundleSize\":\"9592832\",\"DynamicSize\":\"753664\",\"Identifier\":\"com.gpl.dailycost\",\"Name\":\"DailyCost\",\"ShortVersion\":\"1.6.0\",\"Version\":\"2265\"},{\"BundleSize\":\"2322432\",\"DynamicSize\":\"1060864\",\"Identifier\":\"com.github.iceberg\",\"Name\":\"Issues\",\"ShortVersion\":\"1.0.6\",\"Version\":\"1.0.6\"},{\"BundleSize\":\"43229184\",\"DynamicSize\":\"12759040\",\"Identifier\":\"com.path.Path\",\"Name\":\"Path\",\"Version\":\"3.2.1\"},{\"BundleSize\":\"56143872\",\"DynamicSize\":\"22216704\",\"Identifier\":\"com.apple.iBooks\",\"Name\":\"iBooks\",\"ShortVersion\":\"3.1.3\",\"Version\":\"1929\"},{\"BundleSize\":\"14045184\",\"DynamicSize\":\"8192\",\"Identifier\":\"com.google.Gmail\",\"Name\":\"Gmail\",\"ShortVersion\":\"2.4.2\",\"Version\":\"2.4.2.15068\"},{\"BundleSize\":\"36630528\",\"DynamicSize\":\"3616768\",\"Identifier\":\"com.apple.itunesu\",\"Name\":\"iTunes U\",\"ShortVersion\":\"1.3.1\",\"Version\":\"744\"},{\"BundleSize\":\"93245440\",\"DynamicSize\":\"3264512\",\"Identifier\":\"com.imangi.templerun2\",\"Name\":\"Temple Run 2\",\"Version\":\"1.2.1\"},{\"BundleSize\":\"16855040\",\"DynamicSize\":\"7806976\",\"Identifier\":\"com.timehop.ios.Timehop\",\"Name\":\"Timehop\",\"ShortVersion\":\"1.7.0\",\"Version\":\"1.7.0\"},{\"BundleSize\":\"21159936\",\"DynamicSize\":\"47828992\",\"Identifier\":\"com.atebits.Tweetie2\",\"Name\":\"Twitter\",\"ShortVersion\":\"5.11.1\",\"Version\":\"5.11.1\"},{\"BundleSize\":\"13475840\",\"DynamicSize\":\"17981440\",\"Identifier\":\"st.evr.everest\",\"Name\":\"Everest\",\"ShortVersion\":\"1.3.3\",\"Version\":\"14\"},{\"BundleSize\":\"8204288\",\"DynamicSize\":\"2224128\",\"Identifier\":\"com.designshed.jasmine\",\"Name\":\"Jasmine\",\"ShortVersion\":\"1.1.1\",\"Version\":\"1.1.1\"},{\"BundleSize\":\"9285632\",\"DynamicSize\":\"282624\",\"Identifier\":\"com.stagebloc.mirrorgramapp\",\"Name\":\"Mirrorgram\",\"ShortVersion\":\"1.3.1\",\"Version\":\"5\"},{\"BundleSize\":\"16703488\",\"DynamicSize\":\"249856\",\"Identifier\":\"stumbleupon\",\"Name\":\"StumbleUpon\",\"ShortVersion\":\"3.3.3\",\"Version\":\"3.3.3\"},{\"BundleSize\":\"21331968\",\"DynamicSize\":\"262144\",\"Identifier\":\"org.videolan.vlc-ios\",\"Name\":\"VLC\",\"ShortVersion\":\"2.1.1\",\"Version\":\"2.1.1\"},{\"BundleSize\":\"17723392\",\"DynamicSize\":\"20615168\",\"Identifier\":\"com.meetup.iphone\",\"Name\":\"Meetup\",\"ShortVersion\":\"3.1.3\",\"Version\":\"38548.048\"},{\"BundleSize\":\"19218432\",\"DynamicSize\":\"18030592\",\"Identifier\":\"com.burbn.instagram\",\"Name\":\"Instagram\",\"ShortVersion\":\"4.2.0\",\"Version\":\"372285\"},{\"BundleSize\":\"50311168\",\"DynamicSize\":\"2895872\",\"Identifier\":\"com.evernote.food\",\"Name\":\"Food\",\"ShortVersion\":\"2.3.0\",\"Version\":\"2.3.0\"},{\"BundleSize\":\"11374592\",\"DynamicSize\":\"950272\",\"Identifier\":\"com.rpatechnology.airmouse\",\"Name\":\"Mobile Mouse\",\"ShortVersion\":\"2.7.1\",\"Version\":\"2.7.1\"},{\"BundleSize\":\"30748672\",\"DynamicSize\":\"14954496\",\"Identifier\":\"com.google.GoogleMobile\",\"Name\":\"Google\",\"ShortVersion\":\"3.0.2\",\"Version\":\"3.0.2.20993\"},{\"BundleSize\":\"34988032\",\"DynamicSize\":\"12320768\",\"Identifier\":\"com.ihandysoft.flashlight.free\",\"Name\":\"Flashlight\",\"Version\":\"2.1.3\"},{\"BundleSize\":\"10145792\",\"DynamicSize\":\"6701056\",\"Identifier\":\"com.thomsonreuters.Reuters\",\"Name\":\"Reuters\",\"ShortVersion\":\"1.4\",\"Version\":\"1.4\"},{\"BundleSize\":\"30502912\",\"DynamicSize\":\"929792\",\"Identifier\":\"com.evernote.hello\",\"Name\":\"Hello\",\"ShortVersion\":\"2.2.2\",\"Version\":\"2.2.2\"},{\"BundleSize\":\"71245824\",\"DynamicSize\":\"64229376\",\"Identifier\":\"com.facebook.Facebook\",\"Name\":\"Facebook\",\"ShortVersion\":\"6.5\",\"Version\":\"362526\"},{\"BundleSize\":\"25264128\",\"DynamicSize\":\"4153344\",\"Identifier\":\"com.imdb.imdb\",\"Name\":\"IMDb\",\"ShortVersion\":\"3.4\",\"Version\":\"3.0.1502.0\"},{\"BundleSize\":\"5246976\",\"DynamicSize\":\"8192\",\"Identifier\":\"tw.com.quickmark.classic\",\"Name\":\"QR Code\",\"ShortVersion\":\"1.2.2\",\"Version\":\"1.2.2\"},{\"BundleSize\":\"10096640\",\"DynamicSize\":\"241664\",\"Identifier\":\"com.apple.airport.mobileairportutility\",\"Name\":\"AirPort\",\"ShortVersion\":\"1.3.1\",\"Version\":\"131.1\"},{\"BundleSize\":\"20242432\",\"DynamicSize\":\"16171008\",\"Identifier\":\"com.getdropbox.Dropbox\",\"Name\":\"Dropbox\",\"ShortVersion\":\"2.3\",\"Version\":\"2.3\"},{\"BundleSize\":\"38535168\",\"DynamicSize\":\"13852672\",\"Identifier\":\"com.linkedin.LinkedIn\",\"Name\":\"LinkedIn\",\"ShortVersion\":\"74\",\"Version\":\"6.1\"},{\"BundleSize\":\"12095488\",\"DynamicSize\":\"933888\",\"Identifier\":\"com.urbandictionary.iphone\",\"Name\":\"UrbanDict\",\"Version\":\"1.2\"},{\"BundleSize\":\"55558144\",\"DynamicSize\":\"1843200\",\"Identifier\":\"com.fungames.snipershooter\",\"Name\":\"SniperShooter\",\"ShortVersion\":\"2.1\",\"Version\":\"2.1\"},{\"BundleSize\":\"8409088\",\"DynamicSize\":\"1118208\",\"Identifier\":\"com.liftworldwide.Lift\",\"Name\":\"Lift\",\"ShortVersion\":\"1.7.2\",\"Version\":\"1.7.2.2935\"},{\"BundleSize\":\"34041856\",\"DynamicSize\":\"10375168\",\"Identifier\":\"com.viber\",\"Name\":\"Viber\",\"Version\":\"3.1.3.3\"},{\"BundleSize\":\"56545280\",\"DynamicSize\":\"31563776\",\"Identifier\":\"com.evernote.iPhone.Evernote\",\"Name\":\"Evernote\",\"ShortVersion\":\"7.0.1\",\"Version\":\"304352\"},{\"BundleSize\":\"11292672\",\"DynamicSize\":\"1286144\",\"Identifier\":\"com.goodreads.Goodreads\",\"Name\":\"Goodreads\",\"ShortVersion\":\"2.2.5\",\"Version\":\"175\"},{\"BundleSize\":\"23080960\",\"DynamicSize\":\"2473984\",\"Identifier\":\"com.lexwarelabs.goodmorning\",\"Name\":\"Sleep Cycle\",\"ShortVersion\":\"4.1.1\",\"Version\":\"834\"},{\"BundleSize\":\"19271680\",\"DynamicSize\":\"3043328\",\"Identifier\":\"com.google.Maps\",\"Name\":\"Google Maps\",\"ShortVersion\":\"2.2.0\",\"Version\":\"2.2.0.12000\"},{\"BundleSize\":\"12820480\",\"DynamicSize\":\"970752\",\"Identifier\":\"shpe.ro.sonicRepellentFREE\",\"Name\":\"Sonic Repellent FREE\",\"ShortVersion\":\"1.3\",\"Version\":\"1.3.0\"}]','502A','Get All Applications'),
	(8656,1,'dulitha@wso2.com',4,'{\"ssid\" : \"gfgg\", \"password\" : \"gdgg\"}','C','5/10/2013 @ 15:31:10',NULL,NULL,'507A','Wifi'),
	(8657,1,'dulitha@wso2.com',4,'{\"function\" : \"Disable\"}','C','5/10/2013 @ 15:31:26',NULL,NULL,'508A','Camera'),
	(8658,1,'dulitha@wso2.com',4,'{\"function\" : \"Enabled\", \"type\" : \"GMAIL\", \"displayname\" : \"fdfdfd\", \"username\" : \"ffefefe\", \"password\" : \"fefe\"}','C','5/10/2013 @ 15:32:59',NULL,NULL,'520A','Email Configuration'),
	(8659,1,'dulitha@wso2.com',5,'\"hi\"','D','5/10/2013 @ 16:35:16',NULL,NULL,'500A','Device Information'),
	(8660,1,'dulitha@wso2.com',5,'\"hi\"','R','5/10/2013 @ 16:35:17','5/10/2013 @ 16:35:26','{\"AvailableDeviceCapacity\":\"0.404754638671875\",\"BatteryLevel\":\"0.94999998807907104\",\"BluetoothMAC\":\"30:f7:c5:81:fb:14\",\"BuildVersion\":\"11A501\",\"CarrierSettingsVersion\":\"15.0\",\"CellularTechnology\":\"1\",\"CurrentCarrierNetwork\":\"Mobitel\",\"CurrentMCC\":\"413\",\"CurrentMNC\":\"01\",\"DataRoamingEnabled\":\"\",\"DeviceCapacity\":\"13.321331024169922\",\"DeviceName\":\"Dulitha\'s iPhone\",\"ICCID\":\"8994 0102 1159 7002 0123\",\"IMEI\":\"01 342300 171960 7\",\"IsRoaming\":\"\",\"Model\":\"MD294LL\",\"ModelName\":\"iPhone\",\"ModemFirmwareVersion\":\"5.00.01\",\"OSVersion\":\"7.0.2\",\"PhoneNumber\":\"+94712112165\",\"ProductName\":\"iPhone5,1\",\"SIMCarrierNetwork\":\"Carrier\",\"SIMMCC\":\"413\",\"SIMMNC\":\"01\",\"SerialNumber\":\"DNQJVU4QDTTP\",\"SubscriberCarrierNetwork\":\"Carrier\",\"SubscriberMCC\":\"413\",\"UDID\":\"896903fa71cca44856f9a8b2176c9b6e5d5e99d3\",\"WiFiMAC\":\"30:f7:c5:81:fb:13\"}','500A','Device Information'),
	(8661,1,'dulitha@wso2.com',5,'\"hi\"','D','5/10/2013 @ 16:35:20',NULL,NULL,'502A','Get All Applications'),
	(8662,1,'dulitha@wso2.com',5,'\"hi\"','R','5/10/2013 @ 16:35:20','5/10/2013 @ 16:35:28','[{\"BundleSize\":\"20307968\",\"DynamicSize\":\"8155136\",\"Identifier\":\"com.yourextralife.yel\",\"Name\":\"ExtraLife\",\"ShortVersion\":\"1.0.1\",\"Version\":\"1.0.1.227\"},{\"BundleSize\":\"18698240\",\"DynamicSize\":\"43585536\",\"Identifier\":\"com.tumblr.tumblr\",\"Name\":\"Tumblr\",\"ShortVersion\":\"3.4.3\",\"Version\":\"171\"},{\"BundleSize\":\"12578816\",\"DynamicSize\":\"86970368\",\"Identifier\":\"com.apple.podcasts\",\"Name\":\"Podcasts\",\"ShortVersion\":\"1.2.3\",\"Version\":\"356\"},{\"BundleSize\":\"15323136\",\"DynamicSize\":\"1912832\",\"Identifier\":\"com.sriver.96e1300e284d0f80fe549fead189d836\",\"Name\":\"History Today\",\"ShortVersion\":\"4.7.0\",\"Version\":\"4.7.0\"},{\"BundleSize\":\"4804608\",\"DynamicSize\":\"6000640\",\"Identifier\":\"com.condenet.reddit\",\"Name\":\"iReddit\",\"ShortVersion\":\"2.1.5\",\"Version\":\"2.1.5\"},{\"BundleSize\":\"913408\",\"DynamicSize\":\"208896\",\"Identifier\":\"com.loudstripe.composed\",\"Name\":\"Composed\",\"ShortVersion\":\"1.0\",\"Version\":\"1.0\"},{\"BundleSize\":\"32309248\",\"DynamicSize\":\"19193856\",\"Identifier\":\"com.naveenium.foursquare\",\"Name\":\"Foursquare\",\"Version\":\"6.3\"},{\"BundleSize\":\"37126144\",\"DynamicSize\":\"1560576\",\"Identifier\":\"com.lumoslabs.Lumosity\",\"Name\":\"Lumosity\",\"ShortVersion\":\"2.71\",\"Version\":\"2047\"},{\"BundleSize\":\"8691712\",\"DynamicSize\":\"434176\",\"Identifier\":\"com.spacestation6.dunno\",\"Name\":\"Dunno\",\"ShortVersion\":\"1.5.1\",\"Version\":\"1.5.1\"},{\"BundleSize\":\"69595136\",\"DynamicSize\":\"618496\",\"Identifier\":\"com.spotify.client\",\"Name\":\"Spotify\",\"ShortVersion\":\"0.7.6\",\"Version\":\"70600037\"},{\"BundleSize\":\"1146880\",\"DynamicSize\":\"196608\",\"Identifier\":\"com.orkestra.count-do\",\"Name\":\"count.do\",\"ShortVersion\":\"1.4\",\"Version\":\"1.4\"},{\"BundleSize\":\"9703424\",\"DynamicSize\":\"765952\",\"Identifier\":\"com.dreamboard.mobile\",\"Name\":\"Dreamboard\",\"ShortVersion\":\"1.3.8\",\"Version\":\"1.3.8\"},{\"BundleSize\":\"40116224\",\"DynamicSize\":\"692224\",\"Identifier\":\"com.yourcompany.PPClient\",\"Name\":\"PayPal\",\"ShortVersion\":\"5.0.1\",\"Version\":\"5.0.1\"},{\"BundleSize\":\"7589888\",\"DynamicSize\":\"450560\",\"Identifier\":\"com.xe.XECurrency\",\"Name\":\"Currency\",\"Version\":\"3.22\"},{\"BundleSize\":\"7479296\",\"DynamicSize\":\"1896448\",\"Identifier\":\"com.mixcloud.iphone\",\"Name\":\"Mixcloud\",\"ShortVersion\":\"2.3.1\",\"Version\":\"14\"},{\"BundleSize\":\"21262336\",\"DynamicSize\":\"4665344\",\"Identifier\":\"com.nwplyng.-nwplyng\",\"Name\":\"nwplyng\",\"ShortVersion\":\"2.2.2\",\"Version\":\"2.2.2\"},{\"BundleSize\":\"40869888\",\"DynamicSize\":\"12394496\",\"Identifier\":\"com.google.chrome.ios\",\"Name\":\"Chrome\",\"ShortVersion\":\"30.1599.16\",\"Version\":\"30.0.1599.16\"},{\"BundleSize\":\"21118976\",\"DynamicSize\":\"8957952\",\"Identifier\":\"com.aol.mobile.techcrunch\",\"Name\":\"TechCrunch\",\"ShortVersion\":\"2.0.5\",\"Version\":\"2.0.5.14\"},{\"BundleSize\":\"2953216\",\"DynamicSize\":\"16384\",\"Identifier\":\"epic.ntb\",\"Name\":\"NTB\",\"ShortVersion\":\"1.02\",\"Version\":\"1.0.2\"},{\"BundleSize\":\"15687680\",\"DynamicSize\":\"11952128\",\"Identifier\":\"com.vine.iphone\",\"Name\":\"Vine\",\"ShortVersion\":\"1.3.4\",\"Version\":\"1.3.4\"},{\"BundleSize\":\"37310464\",\"DynamicSize\":\"33828864\",\"Identifier\":\"com.facebook.Messenger\",\"Name\":\"Messenger\",\"ShortVersion\":\"2.6\",\"Version\":\"286536\"},{\"BundleSize\":\"32292864\",\"DynamicSize\":\"1097728\",\"Identifier\":\"pinterest\",\"Name\":\"Pinterest\",\"ShortVersion\":\"2.6.2\",\"Version\":\"2.6.2\"},{\"BundleSize\":\"32305152\",\"DynamicSize\":\"5160960\",\"Identifier\":\"com.ebay.iphone\",\"Name\":\"eBay\",\"ShortVersion\":\"3.0.2\",\"Version\":\"3.0.2\"},{\"BundleSize\":\"41836544\",\"DynamicSize\":\"3948544\",\"Identifier\":\"RunKeeperPro\",\"Name\":\"RunKeeper\",\"ShortVersion\":\"4.0.2\",\"Version\":\"4.0.2\"},{\"BundleSize\":\"14118912\",\"DynamicSize\":\"3399680\",\"Identifier\":\"com.google.hangouts\",\"Name\":\"Hangouts\",\"ShortVersion\":\"1.2.0\",\"Version\":\"1.2.0.3121\"},{\"BundleSize\":\"22667264\",\"DynamicSize\":\"7483392\",\"Identifier\":\"com.apple.Remote\",\"Name\":\"Remote\",\"ShortVersion\":\"3.0.1\",\"Version\":\"599.20\"},{\"BundleSize\":\"47046656\",\"DynamicSize\":\"5398528\",\"Identifier\":\"com.google.Drive\",\"Name\":\"Drive\",\"ShortVersion\":\"2.0.1\",\"Version\":\"2.0.1.11175\"},{\"BundleSize\":\"10403840\",\"DynamicSize\":\"2846720\",\"Identifier\":\"com.apptomic.bugspray\",\"Name\":\"Bug Spray\",\"ShortVersion\":\"2.3\",\"Version\":\"2.3\"},{\"BundleSize\":\"4087808\",\"DynamicSize\":\"356352\",\"Identifier\":\"com.elevatrapp.elevatr\",\"Name\":\"Elevatr\",\"ShortVersion\":\"1.02.1\",\"Version\":\"758\"},{\"BundleSize\":\"46178304\",\"DynamicSize\":\"2629632\",\"Identifier\":\"com.foxitcorporation.reader\",\"Name\":\"Foxit PDF\",\"ShortVersion\":\"3.1.1\",\"Version\":\"3.1.1.0807\"},{\"BundleSize\":\"18063360\",\"DynamicSize\":\"499712\",\"Identifier\":\"com.rememberthemilk.mobilertm\",\"Name\":\"RTM\",\"ShortVersion\":\"3.0.3\",\"Version\":\"3.0.3\"},{\"BundleSize\":\"315392\",\"DynamicSize\":\"8192\",\"Identifier\":\"com.billsnotepad.resistor\",\"Name\":\"Resistor Color Code\",\"ShortVersion\":\"1.1\",\"Version\":\"1.1\"},{\"BundleSize\":\"17977344\",\"DynamicSize\":\"491520\",\"Identifier\":\"com.google.ios.youtube\",\"Name\":\"YouTube\",\"ShortVersion\":\"2.1.0\",\"Version\":\"2.1.0.9079\"},{\"BundleSize\":\"13524992\",\"DynamicSize\":\"11022336\",\"Identifier\":\"com.melodis.soundhound.free\",\"Name\":\"SoundHound\",\"Version\":\"5.3.3\"},{\"BundleSize\":\"41402368\",\"DynamicSize\":\"6037504\",\"Identifier\":\"com.vtechnologyjsc.ringtoneplus\",\"Name\":\"Ringtone+++\",\"Version\":\"2.0\"},{\"BundleSize\":\"22786048\",\"DynamicSize\":\"20680704\",\"Identifier\":\"com.ideashower.ReadItLaterPro\",\"Name\":\"Pocket\",\"ShortVersion\":\"4.6\",\"Version\":\"4.6\"},{\"BundleSize\":\"5943296\",\"DynamicSize\":\"5894144\",\"Identifier\":\"com.robohippo.hipporemote.lite\",\"Name\":\"Hippo LITE\",\"ShortVersion\":\"2.4\",\"Version\":\"2.4\"},{\"BundleSize\":\"9601024\",\"DynamicSize\":\"7819264\",\"Identifier\":\"com.wso2mobile.wso2con.mobile\",\"Name\":\"WSO2Con\",\"ShortVersion\":\"1.0.0\",\"Version\":\"1.1\"},{\"BundleSize\":\"33984512\",\"DynamicSize\":\"1888256\",\"Identifier\":\"com.innopage.worthy\",\"Name\":\"Worthy\",\"ShortVersion\":\"2.0.3\",\"Version\":\"2.3\"},{\"BundleSize\":\"9592832\",\"DynamicSize\":\"753664\",\"Identifier\":\"com.gpl.dailycost\",\"Name\":\"DailyCost\",\"ShortVersion\":\"1.6.0\",\"Version\":\"2265\"},{\"BundleSize\":\"2322432\",\"DynamicSize\":\"1060864\",\"Identifier\":\"com.github.iceberg\",\"Name\":\"Issues\",\"ShortVersion\":\"1.0.6\",\"Version\":\"1.0.6\"},{\"BundleSize\":\"43229184\",\"DynamicSize\":\"12759040\",\"Identifier\":\"com.path.Path\",\"Name\":\"Path\",\"Version\":\"3.2.1\"},{\"BundleSize\":\"56143872\",\"DynamicSize\":\"22216704\",\"Identifier\":\"com.apple.iBooks\",\"Name\":\"iBooks\",\"ShortVersion\":\"3.1.3\",\"Version\":\"1929\"},{\"BundleSize\":\"14045184\",\"DynamicSize\":\"446464\",\"Identifier\":\"com.google.Gmail\",\"Name\":\"Gmail\",\"ShortVersion\":\"2.4.2\",\"Version\":\"2.4.2.15068\"},{\"BundleSize\":\"36630528\",\"DynamicSize\":\"3616768\",\"Identifier\":\"com.apple.itunesu\",\"Name\":\"iTunes U\",\"ShortVersion\":\"1.3.1\",\"Version\":\"744\"},{\"BundleSize\":\"93245440\",\"DynamicSize\":\"3264512\",\"Identifier\":\"com.imangi.templerun2\",\"Name\":\"Temple Run 2\",\"Version\":\"1.2.1\"},{\"BundleSize\":\"16855040\",\"DynamicSize\":\"7806976\",\"Identifier\":\"com.timehop.ios.Timehop\",\"Name\":\"Timehop\",\"ShortVersion\":\"1.7.0\",\"Version\":\"1.7.0\"},{\"BundleSize\":\"21159936\",\"DynamicSize\":\"47828992\",\"Identifier\":\"com.atebits.Tweetie2\",\"Name\":\"Twitter\",\"ShortVersion\":\"5.11.1\",\"Version\":\"5.11.1\"},{\"BundleSize\":\"13475840\",\"DynamicSize\":\"17981440\",\"Identifier\":\"st.evr.everest\",\"Name\":\"Everest\",\"ShortVersion\":\"1.3.3\",\"Version\":\"14\"},{\"BundleSize\":\"8204288\",\"DynamicSize\":\"2224128\",\"Identifier\":\"com.designshed.jasmine\",\"Name\":\"Jasmine\",\"ShortVersion\":\"1.1.1\",\"Version\":\"1.1.1\"},{\"BundleSize\":\"9285632\",\"DynamicSize\":\"282624\",\"Identifier\":\"com.stagebloc.mirrorgramapp\",\"Name\":\"Mirrorgram\",\"ShortVersion\":\"1.3.1\",\"Version\":\"5\"},{\"BundleSize\":\"16703488\",\"DynamicSize\":\"249856\",\"Identifier\":\"stumbleupon\",\"Name\":\"StumbleUpon\",\"ShortVersion\":\"3.3.3\",\"Version\":\"3.3.3\"},{\"BundleSize\":\"21331968\",\"DynamicSize\":\"262144\",\"Identifier\":\"org.videolan.vlc-ios\",\"Name\":\"VLC\",\"ShortVersion\":\"2.1.1\",\"Version\":\"2.1.1\"},{\"BundleSize\":\"17723392\",\"DynamicSize\":\"20615168\",\"Identifier\":\"com.meetup.iphone\",\"Name\":\"Meetup\",\"ShortVersion\":\"3.1.3\",\"Version\":\"38548.048\"},{\"BundleSize\":\"19218432\",\"DynamicSize\":\"18030592\",\"Identifier\":\"com.burbn.instagram\",\"Name\":\"Instagram\",\"ShortVersion\":\"4.2.0\",\"Version\":\"372285\"},{\"BundleSize\":\"50311168\",\"DynamicSize\":\"2895872\",\"Identifier\":\"com.evernote.food\",\"Name\":\"Food\",\"ShortVersion\":\"2.3.0\",\"Version\":\"2.3.0\"},{\"BundleSize\":\"11374592\",\"DynamicSize\":\"950272\",\"Identifier\":\"com.rpatechnology.airmouse\",\"Name\":\"Mobile Mouse\",\"ShortVersion\":\"2.7.1\",\"Version\":\"2.7.1\"},{\"BundleSize\":\"30748672\",\"DynamicSize\":\"14954496\",\"Identifier\":\"com.google.GoogleMobile\",\"Name\":\"Google\",\"ShortVersion\":\"3.0.2\",\"Version\":\"3.0.2.20993\"},{\"BundleSize\":\"34988032\",\"DynamicSize\":\"12320768\",\"Identifier\":\"com.ihandysoft.flashlight.free\",\"Name\":\"Flashlight\",\"Version\":\"2.1.3\"},{\"BundleSize\":\"10145792\",\"DynamicSize\":\"6701056\",\"Identifier\":\"com.thomsonreuters.Reuters\",\"Name\":\"Reuters\",\"ShortVersion\":\"1.4\",\"Version\":\"1.4\"},{\"BundleSize\":\"30502912\",\"DynamicSize\":\"929792\",\"Identifier\":\"com.evernote.hello\",\"Name\":\"Hello\",\"ShortVersion\":\"2.2.2\",\"Version\":\"2.2.2\"},{\"BundleSize\":\"71245824\",\"DynamicSize\":\"63651840\",\"Identifier\":\"com.facebook.Facebook\",\"Name\":\"Facebook\",\"ShortVersion\":\"6.5\",\"Version\":\"362526\"},{\"BundleSize\":\"25264128\",\"DynamicSize\":\"4153344\",\"Identifier\":\"com.imdb.imdb\",\"Name\":\"IMDb\",\"ShortVersion\":\"3.4\",\"Version\":\"3.0.1502.0\"},{\"BundleSize\":\"5246976\",\"DynamicSize\":\"8192\",\"Identifier\":\"tw.com.quickmark.classic\",\"Name\":\"QR Code\",\"ShortVersion\":\"1.2.2\",\"Version\":\"1.2.2\"},{\"BundleSize\":\"10096640\",\"DynamicSize\":\"241664\",\"Identifier\":\"com.apple.airport.mobileairportutility\",\"Name\":\"AirPort\",\"ShortVersion\":\"1.3.1\",\"Version\":\"131.1\"},{\"BundleSize\":\"20242432\",\"DynamicSize\":\"16171008\",\"Identifier\":\"com.getdropbox.Dropbox\",\"Name\":\"Dropbox\",\"ShortVersion\":\"2.3\",\"Version\":\"2.3\"},{\"BundleSize\":\"38535168\",\"DynamicSize\":\"13852672\",\"Identifier\":\"com.linkedin.LinkedIn\",\"Name\":\"LinkedIn\",\"ShortVersion\":\"74\",\"Version\":\"6.1\"},{\"BundleSize\":\"12095488\",\"DynamicSize\":\"933888\",\"Identifier\":\"com.urbandictionary.iphone\",\"Name\":\"UrbanDict\",\"Version\":\"1.2\"},{\"BundleSize\":\"55558144\",\"DynamicSize\":\"1843200\",\"Identifier\":\"com.fungames.snipershooter\",\"Name\":\"SniperShooter\",\"ShortVersion\":\"2.1\",\"Version\":\"2.1\"},{\"BundleSize\":\"8409088\",\"DynamicSize\":\"1118208\",\"Identifier\":\"com.liftworldwide.Lift\",\"Name\":\"Lift\",\"ShortVersion\":\"1.7.2\",\"Version\":\"1.7.2.2935\"},{\"BundleSize\":\"34041856\",\"DynamicSize\":\"10375168\",\"Identifier\":\"com.viber\",\"Name\":\"Viber\",\"Version\":\"3.1.3.3\"},{\"BundleSize\":\"56545280\",\"DynamicSize\":\"31563776\",\"Identifier\":\"com.evernote.iPhone.Evernote\",\"Name\":\"Evernote\",\"ShortVersion\":\"7.0.1\",\"Version\":\"304352\"},{\"BundleSize\":\"11292672\",\"DynamicSize\":\"1286144\",\"Identifier\":\"com.goodreads.Goodreads\",\"Name\":\"Goodreads\",\"ShortVersion\":\"2.2.5\",\"Version\":\"175\"},{\"BundleSize\":\"23080960\",\"DynamicSize\":\"2473984\",\"Identifier\":\"com.lexwarelabs.goodmorning\",\"Name\":\"Sleep Cycle\",\"ShortVersion\":\"4.1.1\",\"Version\":\"834\"},{\"BundleSize\":\"19271680\",\"DynamicSize\":\"3043328\",\"Identifier\":\"com.google.Maps\",\"Name\":\"Google Maps\",\"ShortVersion\":\"2.2.0\",\"Version\":\"2.2.0.12000\"},{\"BundleSize\":\"12820480\",\"DynamicSize\":\"970752\",\"Identifier\":\"shpe.ro.sonicRepellentFREE\",\"Name\":\"Sonic Repellent FREE\",\"ShortVersion\":\"1.3\",\"Version\":\"1.3.0\"}]','502A','Get All Applications'),
	(8663,1,'dulitha@wso2.com',5,'{}','D','5/10/2013 @ 16:35:37',NULL,NULL,'503A','Device Lock'),
	(8664,1,'dulitha@wso2.com',5,'{}','R','5/10/2013 @ 16:35:38','5/10/2013 @ 16:35:43','','503A','Device Lock'),
	(8665,1,'dulitha@wso2.com',5,'{}','R','5/10/2013 @ 16:42:25','5/10/2013 @ 16:42:31','','503A','Device Lock'),
	(8666,1,'dulitha@wso2.com',5,'{}','C','5/10/2013 @ 16:44:52',NULL,NULL,'527A','Enterprise Wipe'),
	(8667,1,'dulitha@wso2.com',5,'\"hi\"','P','5/10/2013 @ 16:44:59',NULL,NULL,'500A','Device Information'),
	(8668,1,'dulitha@wso2.com',5,'\"hi\"','P','5/10/2013 @ 16:45:6',NULL,NULL,'502A','Get All Applications');

/*!40000 ALTER TABLE `notifications` ENABLE KEYS */;
UNLOCK TABLES;


# Dump of table platformfeatures
# ------------------------------------------------------------

DROP TABLE IF EXISTS `platformfeatures`;

CREATE TABLE `platformfeatures` (
  `id` int(11) NOT NULL AUTO_INCREMENT,
  `platform_id` int(11) DEFAULT NULL,
  `feature_id` int(11) DEFAULT NULL,
  `min_version` varchar(45) DEFAULT NULL,
  `max_version` varchar(45) DEFAULT NULL,
  `template` mediumtext,
  PRIMARY KEY (`id`),
  UNIQUE KEY `id_UNIQUE` (`id`)
) ENGINE=InnoDB DEFAULT CHARSET=latin1;

LOCK TABLES `platformfeatures` WRITE;
/*!40000 ALTER TABLE `platformfeatures` DISABLE KEYS */;

INSERT INTO `platformfeatures` (`id`, `platform_id`, `feature_id`, `min_version`, `max_version`, `template`)
VALUES
	(1,1,1,'2.2','',''),
	(2,1,2,'2.2','','wipe'),
	(3,1,3,'2.2','',''),
	(4,1,4,'2.2','',''),
	(5,1,5,'2.2','',''),
	(6,1,6,'2.2','',''),
	(7,1,7,'2.2','','notifications'),
	(8,1,8,'2.2','','wifi'),
	(9,1,9,'4.0','','camera'),
	(12,1,12,'2.2','',''),
	(13,2,1,'4.0','5.0',NULL),
	(15,2,3,'4.0','5.0',''),
	(16,2,4,'4.0','5.0',NULL),
	(17,2,6,'4.0','5.0',NULL),
	(18,2,8,'4.0','5.0','wifi'),
	(19,2,9,'4.0','5.0','camera'),
	(21,3,1,'4.0','5.0',NULL),
	(23,3,3,'4.0','5.0',''),
	(24,3,4,'4.0','5.0',NULL),
	(25,3,6,'4.0','5.0',NULL),
	(26,3,8,'4.0','5.0','wifi'),
	(28,3,9,'4.0','5.0','camera'),
	(30,4,1,'4.0','5.0',NULL),
	(32,4,3,'4.0','5.0',''),
	(33,4,4,'4.0','5.0',NULL),
	(34,4,6,'4.0','5.0',NULL),
	(35,4,8,'4.0','5.0','wifi'),
	(36,4,9,'4.0','5.0','camera'),
	(37,1,15,'3.0',NULL,'encrypt'),
	(38,1,17,'2.2',NULL,NULL),
	(39,1,18,'2.2',NULL,NULL),
	(43,1,19,'2.2',NULL,NULL),
	(44,1,20,'2.2',NULL,NULL),
	(45,1,21,'2.2',NULL,'webclip'),
	(46,1,22,'2.2',NULL,'password_policy'),
	(49,2,21,'4.0','5.0','webclip'),
	(50,2,22,'4.0','5.0','password_policy'),
	(51,3,23,'4.0','5.0','email'),
	(52,3,24,'4.0','5.0','google_calendar'),
	(53,3,21,'4.0','5.0','webclip'),
	(54,3,22,'4.0','5.0','password_policy'),
	(55,2,23,'4.0','5.0','email'),
	(56,2,24,'4.0','5.0','google_calendar'),
	(57,1,25,'2.2',NULL,NULL),
	(58,1,29,'2.2',NULL,'change-password'),
	(59,2,30,'4.0','5.0',NULL),
	(60,3,30,'4.0','5.0',NULL),
	(61,2,16,'4.0','5.0','apn'),
	(62,3,16,'4.0','5.0','apn'),
	(63,2,26,'4.0','5.0','vpn'),
	(64,3,26,'4.0','5.0','vpn'),
	(65,2,27,'4.0','5.0','ldap'),
	(66,3,27,'4.0','5.0','ldap');

/*!40000 ALTER TABLE `platformfeatures` ENABLE KEYS */;
UNLOCK TABLES;


# Dump of table platforms
# ------------------------------------------------------------

DROP TABLE IF EXISTS `platforms`;

CREATE TABLE `platforms` (
  `id` int(11) NOT NULL AUTO_INCREMENT,
  `name` varchar(45) DEFAULT NULL,
  `description` varchar(45) DEFAULT NULL,
  `type` varchar(45) DEFAULT NULL,
  `type_name` varchar(50) DEFAULT NULL,
  `color` varchar(50) DEFAULT NULL,
  PRIMARY KEY (`id`)
) ENGINE=InnoDB DEFAULT CHARSET=latin1;

LOCK TABLES `platforms` WRITE;
/*!40000 ALTER TABLE `platforms` DISABLE KEYS */;

INSERT INTO `platforms` (`id`, `name`, `description`, `type`, `type_name`, `color`)
VALUES
	(1,'Android','android phones and tabs','1','Android','#028482'),
	(2,'iPhone','iphone','2','iOS','#CCCCCC'),
	(3,'iPad','ipad','2','iOS','#CCCCCC'),
	(4,'iPod','ipod','2','iOS','#CCCCCC');

/*!40000 ALTER TABLE `platforms` ENABLE KEYS */;
UNLOCK TABLES;


# Dump of table policies
# ------------------------------------------------------------

DROP TABLE IF EXISTS `policies`;

CREATE TABLE `policies` (
  `id` int(11) NOT NULL AUTO_INCREMENT,
  `name` varchar(45) DEFAULT NULL,
  `content` varchar(1024) DEFAULT NULL,
  PRIMARY KEY (`id`)
) ENGINE=InnoDB DEFAULT CHARSET=latin1;

LOCK TABLES `policies` WRITE;
/*!40000 ALTER TABLE `policies` DISABLE KEYS */;

INSERT INTO `policies` (`id`, `name`, `content`)
VALUES
	(30,'Muuuuu','[{\"code\" : \"500A\", \"data\" : {\"function\" : \"decrypt\"}}, {\"code\" : \"502A\", \"data\" : {}}, {\"code\" : \"519A\", \"data\" : {\"function\" : false}}, {\"code\" : \"520A\", \"data\" : {\"emailtype\" : \"EmailTypeIMAP\", \"function\" : true}}, {\"code\" : \"523A\", \"data\" : {\"type\" : \"SharedSecret\", \"function\" : false}}, {\"code\" : \"525A\", \"data\" : {\"function\" : true}}, {\"code\" : \"512A\", \"data\" : {\"function\" : true}}, {\"code\" : \"524A\", \"data\" : {}}, {\"code\" : \"508A\", \"data\" : {\"function\" : \"Enable\"}}, {\"code\" : \"503A\", \"data\" : {}}, {\"code\" : \"505A\", \"data\" : {}}, {\"code\" : \"526A\", \"data\" : {}}, {\"code\" : \"513A\", \"data\" : {\"function\" : \"Mute\"}}]');

/*!40000 ALTER TABLE `policies` ENABLE KEYS */;
UNLOCK TABLES;


# Dump of table tenantplatformfeatures
# ------------------------------------------------------------

DROP TABLE IF EXISTS `tenantplatformfeatures`;

CREATE TABLE `tenantplatformfeatures` (
  `id` int(11) NOT NULL AUTO_INCREMENT,
  `tenant_id` varchar(45) DEFAULT NULL,
  `platformFeature_Id` int(11) DEFAULT NULL,
  PRIMARY KEY (`id`)
) ENGINE=InnoDB DEFAULT CHARSET=latin1;

LOCK TABLES `tenantplatformfeatures` WRITE;
/*!40000 ALTER TABLE `tenantplatformfeatures` DISABLE KEYS */;

INSERT INTO `tenantplatformfeatures` (`id`, `tenant_id`, `platformFeature_Id`)
VALUES
	(1,'1',1),
	(2,'1',2),
	(3,'1',3),
	(4,'1',4),
	(5,'1',5),
	(6,'1',6),
	(7,'1',7),
	(8,'1',8),
	(9,'1',9),
	(10,'1',10),
	(11,'1',11),
	(12,'1',12),
	(13,'2',1),
	(14,'2',2),
	(15,'2',3),
	(16,'2',4),
	(17,'2',6),
	(18,'2',8),
	(19,'2',9),
	(20,'2',12),
	(21,'3',1),
	(22,'3',2),
	(23,'3',3),
	(24,'3',4),
	(25,'3',6),
	(26,'3',8),
	(27,'3',9),
	(28,'4',1),
	(29,'4',2),
	(30,'4',3),
	(31,'4',6),
	(32,'4',8),
	(33,'4',9),
	(34,'4',12),
	(35,'-1234',1),
	(36,'-1234',2),
	(37,'-1234',3),
	(38,'-1234',4),
	(39,'-1234',5),
	(40,'-1234',6),
	(41,'-1234',7),
	(42,'-1234',8),
	(43,'-1234',9),
	(44,'-1234',10),
	(45,'-1234',11),
	(46,'-1234',12),
	(47,'null',1),
	(48,'null',2),
	(49,'null',3),
	(50,'null',4),
	(51,'null',5),
	(52,'null',6),
	(53,'null',7),
	(54,'null',8),
	(55,'null',9),
	(56,'null',10),
	(57,'null',11),
	(58,'null',12);

/*!40000 ALTER TABLE `tenantplatformfeatures` ENABLE KEYS */;
UNLOCK TABLES;


# Dump of table user_policy_mapping
# ------------------------------------------------------------

DROP TABLE IF EXISTS `user_policy_mapping`;

CREATE TABLE `user_policy_mapping` (
  `id` int(11) NOT NULL,
  `user_id` varchar(45) DEFAULT NULL,
  `policy_id` int(11) DEFAULT NULL,
  PRIMARY KEY (`id`)
) ENGINE=InnoDB DEFAULT CHARSET=latin1;



# Dump of table vpp_coupons
# ------------------------------------------------------------

DROP TABLE IF EXISTS `vpp_coupons`;

CREATE TABLE `vpp_coupons` (
  `uuid` varchar(200) NOT NULL DEFAULT '',
  `coupon` varchar(500) NOT NULL DEFAULT '',
  `user` varchar(100) DEFAULT '',
  `deviceId` int(11) DEFAULT NULL,
  `tenantId` int(11) NOT NULL,
  `status` varchar(2) NOT NULL DEFAULT '',
  PRIMARY KEY (`uuid`),
  KEY `FK_device_id` (`deviceId`),
  CONSTRAINT `FK_device_id` FOREIGN KEY (`deviceId`) REFERENCES `devices` (`id`)
) ENGINE=InnoDB DEFAULT CHARSET=latin1;

LOCK TABLES `vpp_coupons` WRITE;
/*!40000 ALTER TABLE `vpp_coupons` DISABLE KEYS */;

INSERT INTO `vpp_coupons` (`uuid`, `coupon`, `user`, `deviceId`, `tenantId`, `status`)
VALUES
	('1','sodfjsdkfj','admin',NULL,-1234,'O');

/*!40000 ALTER TABLE `vpp_coupons` ENABLE KEYS */;
UNLOCK TABLES;



/*!40111 SET SQL_NOTES=@OLD_SQL_NOTES */;
/*!40101 SET SQL_MODE=@OLD_SQL_MODE */;
/*!40014 SET FOREIGN_KEY_CHECKS=@OLD_FOREIGN_KEY_CHECKS */;
/*!40101 SET CHARACTER_SET_CLIENT=@OLD_CHARACTER_SET_CLIENT */;
/*!40101 SET CHARACTER_SET_RESULTS=@OLD_CHARACTER_SET_RESULTS */;
/*!40101 SET COLLATION_CONNECTION=@OLD_COLLATION_CONNECTION */;
